Product_id,Selling_Price
SCHE4YSTDVPVZVXW,3276.08919
ACCEGCATKHNRXUHW,1945.291621
NKCE6GJ5XVJDXNNZ,11473.444376
NKCEB8BK3ZXDHDHM,9471.399782
TOPEFDXSAHRNPF94,5656.718008
ACCE558KZHEPZYMG,9325.116603
ACCEAZCVAMFHDPY7,5264.794631
NKCDYNY37JPBGBVM,2613.439003
NKCEY8KWY33FCUYD,7556.851913
RNGE4YPTQYRECV9J,4530.13317
NKCE88AHBHJZREXH,3905.706606
CLTEJ5ZZGBP4JGGE,8030.520253
WATE3NWH5FZWAMDA,8085.406337
CAGE53FSFZVFPFHQ,1685.101509
PCSEAKVBFFPGCHNZ,3828.220135
WATDFFH3KJYBTYGG,7112.760964
NKCDWHFQSCHHYZMP,2740.812041
RNGEB2PG3Q5RKDW6,3442.589298
NKCE5UY9HHPZGGUZ,4370.159414
KTAEHETW3ZCMFMJR,4183.867608
BRAEBBYRVF9MHJHU,7034.439609
NKCEAX7HAQ2RJA3Q,10238.94362
CRTECN2RQZWBSP9W,4977.403755
WATDEWZ9UHSEHGZG,9246.726754
PTPEYW8HNV6G9YYR,2814.183343
ACCEAMGZRRYVAHDC,4962.768407
SRTEHHXG8MUXTGPA,6016.627392
SKIE4S4NN4MHYM3Z,4804.900167
HMBE7G34YHWPWKYN,7108.643501
LLIEGTMFJBD7ZZZM,14033.353698
ACCEJGH6JVTM4CBH,823.797477
ACCDQDYBXJ9HZF37,10220.665565
RNGE88FRGZCXNKUG,518.867268
NKCE7M3QNNPZDXHQ,9932.968573
VLBEGFFDP9H6WG2T,3520.250562
TOPEAFG4YEQSH5TT,2457.13885
WATEYAP3K2QQQWDH,5244.321081
PCSEBDFUFJWGARNX,10814.236068
SWTEGXQFZY95SKG7,4875.442219
BRAEGJFXSM9ZQ6SK,6982.655036
CAGE6FYKP34GA4GF,7584.317606
HMBEJCMH78VJF3M8,4243.744414
HIFEB7J3GSTVN5XJ,10680.143502
PBXE6ZHNGZREWWHR,4602.609642
PCSEAKVBNXFGZBKB,6781.633342
BRAEBBMQQNZ9RZWR,5908.188701
ACCEGKFCXHZZH44S,738.771063
SHODXQRRGKZ74U9M,4292.243687
DREE2Y6DVEKVVQQS,4500.001537
PBXE8ZHHG5Y525BT,6651.639941
CTTEH9FXZHGFKUA3,7919.943059
ACCDXFZXGQTBTM6N,3577.73882
NKCE9PFF3TT4KSQJ,7760.211241
BRAE6NZAZK77HXZK,876.346263
NKCE4TV42BHDP63U,3406.750318
AIREDGGD9RJPZGYW,5580.583938
PCSEDAPMHR2HNHWP,8355.76657
PACE95FMAFXHZB5C,4522.205078
WATDG4KP445AV5XC,13451.024986
ACCE9EYRRNZYZUBG,426.596706
ACCE8XZMAHNC8JVS,635.3365
SHOED5DCSTQKZCGF,3793.042377
NKCE64Z4NGBHNAY7,3446.324137
PBXE8WQTZ5GA2YYQ,715.7718
MUGEGZUMGYAPVSZH,4452.928891
PBXE4RB3Y3GXWPFV,745.699147
PCSE2ZFDJJGFNHC7,666.393639
CRTECN2QT5HKHZ8F,4716.202139
MUGEACY8Q7ZYSTN8,1469.378825
ACCEGG9VGRMQGHRD,7275.341839
PCSE76X48PVSDDVK,1121.298372
PBXE6677X2D6UFZZ,5606.561123
WCKEGGGD2TXHHTJC,296.355779
NKCE7MMGF4PPGNA6,2935.082195
CRTECN2QYTPHK5YQ,4975.784248
OIDEJFCWMMR6JQBE,5595.562142
WATE5HFY4MJX6CHD,5193.013371
DREE4FC4TAR8M5GN,1397.702267
HACEGPF9DZVUZBFY,8031.41527
PBXE4Q7YF5KUYJYW,11897.230199
SHIED9YEH65NSA8N,10454.84555
WATDHMQJ68MVBRFV,13932.746534
HMBEGWTFEV4TF2RH,3224.038169
SHIE2FH7YTVDHFGT,3043.78453
CRTECN2QYRY2KWZF,4376.721761
TSHEDJXPN4HNT2UP,6068.878354
SHOECZH5WGBZHZES,2588.585196
NKCEDCT9MSAYG6H5,5308.299126
SOCEGGVYBTZPKXVP,4543.29969
PBXECARAQBCDSAZW,3238.778644
CAGDU85YDHP9ZJH7,2216.330804
TCVEHSMFEGNCAGYN,5008.658875
RNGEDAPFZ2GKRUER,833.975487
CAGDY9Q7HSNDHGFC,3915.551001
NKCECKHYZVHBQU9F,484.637212
NKCDQSVCRH8W73GF,6701.972546
WATD9H76RKGUUZHY,14433.052202
NKCE5HYVDQVATMKF,2031.750256
RNGE9GWMKVHGEYZG,4242.350697
SHOEAGUMMWFABHUT,3379.404168
SWDEGZMPYQGNEBHG,3727.703354
TOPEFDXSHZPHCUAU,9212.018076
CAGDU85Y85GDJGUD,1129.372057
CAGE4BQXK3FSTRRS,3295.302311
CAGDZVGTV3SMMMBY,5304.049158
BEOEGXRVQPCKJHYC,3512.277189
NKCE9YFBBYBM88DR,3190.607907
DREECZGZVWGQM23M,4193.897931
PBXECYF3YHWYG4UN,353.324057
WATEBG8FGBPUPKCV,4934.964848
SHIEEJG9RRDUH9XG,3303.296766
CRTECN2QXAPEWXSF,2730.044644
BRAEE6YMSYPNCUX3,1312.672782
WATE9MVXJXHZHEJU,3497.878844
RNGDREYRQQGZAPQM,5687.73096
CTPEGGFSNDQFAAVE,3409.939411
NKCEF2RFAPHSHZZZ,4000.795137
TOPDYAZZG5NU7ZBZ,7103.44182
PBXE7QPWMSS5XGPZ,254.361143
PCSECV3FHFAQ9T36,11898.312932
CRNEJB4NBT9BTM84,5124.425725
TSHEHU5RFJCTJKBV,6923.315499
DREECZJC3XBKGDZT,5412.149757
SUDEGGATGYXA9YBC,12128.021866
BRAE8WYHTVZMFFHS,5812.761581
SFFEGZBXTYFSYJQA,4234.336035
ACCEABVYXNHCT8UE,5461.558778
BWLE6SJE9PXGV6DD,911.485347
NKCDYQ3RHYREHHYV,3854.056422
NKCECDCRWDMZEH2Z,2993.272909
SRTEH2F6HUZMQ6SJ,7217.731175
BRAE6KWFGZFXKPPB,3536.553429
HACEJQY5FQRZZUGM,8595.394395
CAGEYUXVF2FNARKD,3191.479918
NKCE7M3QTHTCGVVF,4082.943029
TOPE8PBFNH9YNHFK,4963.603662
BRAEDQFRZS9QFYTQ,1350.970498
HMBEJCMMQR2JHFVP,2076.401707
ACCDRFVG52PHVRSK,7576.745121
NKCE7MBR4QRBASDQ,3247.02711
NKCDWBPZNZU5K2QZ,3016.952257
BRAE8HMQATXFHFGZ,3581.447344
MUGEAGGKEGCPWWPN,3475.242056
BKPEGXYWWJPETZZA,5328.79661
SGLEGBV6ZNUJNJS9,5931.332658
CAGEYUXVAKNKDUUV,6483.696226
NKCEDH9ANZGDAUWG,2997.693891
NKCE5EHJHS38BUWB,3429.929289
PBXE9YWGRFUQXHQH,12840.858743
SHIE3QDHP5RDGMZY,2614.476335
RNGE9HDVMPVBYPGJ,3268.106602
SCHE4YSTCUUSJWCK,2039.109797
SNDEGGTV9XERMGHH,7348.687821
PBXE92XFUMB7QWY6,8433.85501
CRTECN2QYK2R2PUS,4110.930457
TOPEEEPVYHHF9HGW,3353.227617
MUGE8F5RDEYMH4YH,3875.769307
NKCE52CSJ2GUY64G,1315.325813
SHOE2K68QHZ3DWZF,3869.1564
DREE9YJHZZHWHAU7,4023.596818
NKCEACYSHS4MGKGY,12731.546804
CAGECT64KH6CZVMR,14147.724012
WATD9H76RG5FQT5Y,14957.744462
NKCE5UY97ACC9QAZ,498.047332
LJGEG6UPBW8GKPRD,4632.726725
PBXEBFGFRM5797BZ,4549.359074
RNGEAY8GRWYMYSAK,5090.451628
SHOEF9G8WTWGAAFB,3432.820931
PBXE5ZJZSAC73ZED,8611.466916
NKCEYYX9HJWJXAA8,3487.525199
CAGDTFSHTF6TRBFZ,4497.028213
PBXE6E6YDZDNVKQH,681.177277
TROEGNQDQNGN99PJ,4481.733072
CRTECN2QXC68CTUM,6565.908966
CRTECN2QZNXTGGXG,5321.337831
VANE4VND2XHZRCNT,944.877192
NKCE8SESMHF2VSRM,3375.707786
SHOEBYY4ZDWGQGEW,7687.157983
NKCEB7935AJSADGR,3849.442944
SHIEBAXYS3FUTX8Z,6516.783907
NKCE2YCPKAPWDH8C,2843.6973
FABE92NVHZHSFHGT,3363.136253
SHIE93YGTRAV6XTW,5553.412255
CSOEGTPR39XZHZJY,4831.898454
WATE5HFYHPFHRCHY,5009.294167
BRAEBHCHY6VVRNRQ,1803.220599
NKCE5QPMUZRQFDAZ,1877.324236
NKCE9ABEE5HDWZSM,5998.069419
SHOEJCZ28JFRY9RR,5918.610123
PSLEAVTQQXEXZYYZ,4748.092535
SHOE66V8UMNGZKYM,889.901045
SHIE5HBGWKWJWFRA,3775.71067
TOPE4HXDZHPR9K2C,1727.702075
BRAEBCTWGWYRWXHC,5422.460811
TOPE6ZCJBVZY3HBH,4903.740894
CRNEG7BKMFFYHQ8Z,4696.213319
SHOE7DJBEPYGQPHF,3782.958901
ACCEHY86UG6B63AZ,4662.647579
BLBEJR23J2CTPFAU,6166.550669
ACCEEV5V5VD5DR9C,796.623887
UMBEJZFHE285UEV2,6014.36444
SHOEBN3FFYG75P3D,3089.211304
NKCEFGFURYNWH2DR,3839.896466
ETHEJG7NW4M4AFCZ,6845.508531
SWSE9UH4KXCHZHRJ,3493.211044
CRTECN2QZ7XUGBR6,4189.521203
BRAEDNX2NHZX5PKN,9470.361586
BRAE73KFJGNSP2NP,2032.499643
MAHEDFPZVKF79JVQ,3952.278553
NKCECRQY6MGHBPQ3,8825.560296
CRTECN2QYYWUXHRP,3116.40186
CPCEKY4TKBYFE7PH,5717.575105
TOPEA8HNSZB8VGUR,2385.007467
TOPECJZ4ZDXQZB4A,5268.994477
SHIE92XGJHG4HH5E,6187.282537
CRTECN2QVSZXUG7X,4398.552737
BRAEBBYRUSRHZD34,7513.873773
IFPEE76BG92E5SVS,5739.89326
CAGEBZ7UGCZZHVTE,186.00897
CAGE3GFTPMNXPZAG,773.519021
SWTEDX3KRCTNHUGY,5906.034528
BBAEFKXVXVM8SYZW,7170.419256
PENEGZ6RHFWHX7JX,1481.97433
ETHEGFZFQT7ZCH3U,3033.427082
TOPEE2FFAXQGSUZH,5340.138774
CRTECN2QWAGCHYGC,3857.774832
SNDEJGWQSWNHXXA3,11766.950454
BHGEGTAVKNNCPUGG,13127.847184
BBAEGNUNHHZEYSPD,500.273096
NKCEANMPZYMHYEA3,419.0385
RNGE88Q9FH632SHU,1123.906299
SNDE7PY9TG8P7YYR,693.297944
SNDEHZQ7YZAHAZYP,4561.271054
CRTECN2RDAKXQHYH,3493.545669
SNDEAVZ4MSGYFBUD,1552.004392
RTRDWBPC23ZAYMSE,10337.425534
PCSDYQEW5ZMFBVFQ,11127.776704
DREECZJBH8KGCZHT,8433.72924
CAGED654SQMMADH7,2038.229998
MFLEYGFH8PFBVRDG,5026.329517
SHIEBWNUURZ8BWDZ,4179.83119
BRAECTFYXKNAVFAN,5801.431197
BRAECBVGHCB2FN49,4785.544079
SHOEHX7CGSEMUENU,2644.985711
CRTEB774NHSDW3DV,2213.294105
VLBEGZ7SZFZBUGBZ,6065.392879
BRAEGJFXGYFPGHYG,4788.979419
ACCEGKG4S4B7QGGT,1912.528648
BBAECKHYXGE3VJXB,1690.624976
BBAEDVYSEN75YZZ7,6694.487132
RTRDYZCGGJFBU6XM,3303.633771
CAGEBTJBB5X8GCF8,848.743764
HLUEJQ3UVGNXSPZG,7836.921252
NKCE8RB5WSWKJPFR,4048.613028
BRAEDFYYKNGBGPF3,6657.121717
SHIE2CAJP6XBWPU2,3701.051606
SHOE2GUJW6XNFG3W,599.125808
TWCEJFXHGDSG5XZV,6994.762002
NKCE9Z2JYUYZ2JZ3,10462.467822
WATE54YZWYXR6Z7J,2580.441451
SWTEEYFFFRWGKZR5,5592.79515
NKCE6NHRGQJHWFDK,4976.103085
NKCEYM3B6ZP3YSQQ,3555.995087
PAEE8AHWJWMDAXZU,7731.567195
RTRDZK8XCUEKZDFZ,603.221221
TOPEHZMHJHEMRDHY,2917.995411
NKCE9AZMPE3PJPEW,638.860687
BRAEAR7WUYD3CZAT,2377.229879
BRAEG7AYZAQBS3EH,6199.529261
BRAEDQEEYYH4WRQK,4361.932258
BRAE4F8NCQJFTGEZ,5656.359931
MUGEACY87HUCUYCD,3743.727234
BOTEDSEN9ZSFUUAQ,751.075383
WATE3GEYE8JQT7WM,5759.695924
TOPEB96CYHMPMDKH,2452.431013
NKCE5QGT7GFDSUZK,1919.563285
VESEGZRVWZEYTVMG,6881.143952
SCHE4YSTHJSYEJHJ,2992.543527
KLSEGT5ZUGR9FQXE,6241.193958
NKCE79CGHYMSS7GH,2857.86518
JEAE8CZGJ8PGGHRQ,783.154164
SHOEC8QGWFF2VXAN,2989.810874
SHIE6G75RNDQSGUQ,2011.488551
SHODZ5YHTEHZTR3V,4164.124446
ACCEKFVVZJMTYWPK,3722.675721
DRPEHGFFGQTXK3E3,2903.287621
CRGE4XJBHZGHJYGU,7080.438366
NKCE9Q93F3HJYGZT,275.215327
SNDEGJFV5J8CTGJV,8269.209873
SUDEHYGUMT6UGYAR,3428.44977
RNGE7M92HQECSUYG,6498.989122
TOPE7ZHYDE2MKNHF,4065.262075
NKCEBHGBEABMWDKA,5405.515786
PACE7ZNHBP4FASAQ,2601.313458
NKCE7A3XXTTBHHC6,3950.469699
WCKE2TFYTHBHTP5B,5153.053288
BRAEDTPDZSCRZCYG,5465.936187
SHOEBKEYSKS87GKG,3506.894891
CAGDUGFYGG2KWWK7,10188.167289
SHODZDAE6FKCC8AH,579.007702
SGLEGBV5STVHGKTD,5533.642397
RTREBVK9HX8XJH2T,350.883808
PCSEAKVBGC7CJQZT,10470.787844
MATEB88T7MVJGSG5,5530.828857
WATDJYPXKHPPNGQK,7658.113079
BRAE8QNFFGWGG5MY,1910.523975
NKCDWBPZZSYWKHE9,1947.832683
USGEJPQHT8YPZ7D8,3074.768542
NKCEFKBYHXQ8VVF8,454.235797
SHOE4JCEZDRSHC4S,3241.229691
ACCE9E2RT56M3GSU,4513.90882
CRTECN2QXQGJ7JZD,3481.960166
TOPEBS26V3JRYSF3,753.22366
NKCECZNMRRVZ9YWF,268.294285
CAGE75QCGVXYV78T,2852.449696
WATDG9F74GYWEH4U,1870.00955
BRAE3WVQPYSZ54FF,6610.069091
SWSEBHCP9JC4GQKT,4532.524385
MUGEBJ7XAFVH25VD,2169.390866
LJGEATZRDCFAJGYZ,5641.61488
BRAEBXRB8GFZ6HM6,4321.462665
RNGEDAPFZWSSMHYW,1044.370378
DREEHFABXP5AUZA8,5210.290416
RTRDFFYGJ4GNRSHQ,9764.128332
CBREFYM9TSSUHJSQ,2751.917607
PBXE6EF4PSJX9WXH,4032.823857
CRTEHSS9UZJZYMZD,432.091174
DRPEHYHG9YYHD2HH,4431.259296
CAGE9AGR4VWWTDY4,7735.174081
AVCEJCJQWBYMNPGU,2117.340046
BRAE7T3WADAJU4ZS,2073.423448
TPYEGGUFSKXJFYY5,6924.648048
SUDEHYGU4GE9UCXJ,5642.57843
FABEB2TXH4MGQC2H,4407.752876
NKCE9G2BZAGKXPGY,4518.737012
TOPE8H5DJWGAY2CD,9398.096375
BBAEGGF3HF3ZPBVG,1638.106717
ACCEC87TREZYJJPE,6613.245353
DRPEHYHMEZHDYRK5,3908.536962
NKCE5VAAPVP5DGMZ,531.523936
NKCEBZN92EJ7PDFH,3290.254792
ACCDXFPYT58AGGAF,7051.417506
MUGEGZUHX744RFEN,5421.624965
RNGE8Z3KSHGCMSCP,3135.042902
SHIEYZ3F3QWMYNEC,3244.89688
SHOEJCZ2JNGJSPEJ,7062.781877
CRTEB774RSGGQZ9U,3436.256853
BRAE8AJZW5QBNWAZ,2209.569494
CRTECN2QZ8CWZEFZ,5632.399226
SHIE9FMZAH4U4H6Z,448.11339
CAGE68FFYRMDRF3X,8517.321654
NKCE3GNVPGUYY8AZ,3265.495451
PCSE4ZQ8TRUZDMEU,1260.945195
PACEC89YGNYZCMC4,592.615957
NKCE9YX24KHRDNHG,2866.567802
FABE88MGUBPCQWR8,2486.311557
ACCEH74HAGTY6W8P,829.981912
NKCECGVARVRMARSS,6568.30542
CRTECN2QZXFVEPGG,4110.137122
NKCEC8AZQUFGUXGH,2148.517004
SHOED6C5ZGCBKTP2,2733.260644
RTRD7HN3BBE7G9YT,3540.744106
ACCEA8JPDNTF7NZN,1675.447543
NKCEBHGBAFBCXXYC,1048.672852
PCSEC86VGEWVKHWZ,13708.133835
SHOE3URGYEVZ55GD,2987.860706
NKCE9PFFQHU7GTU7,9590.867943
CRTECN2RCH9CG4SA,5989.386115
TSHEHU5RWUGEAJFE,5341.847138
PBXE92G5YEA7JAHZ,5106.015766
ACCE8XUCYRB9ATHZ,4276.820191
CRTECN2QWEDYMDNQ,621.739994
PTPEYCF7GZU2T54E,2277.783999
SHOEC9FZ3BAF7ASF,4141.627524
CAGE7DSFQGVEGHC8,6045.293896
SHODUMFYWTPDYNX6,5168.605613
ACCE6P3BBZD72UJ6,824.499187
NKCEFG3CHGEHMRTD,3132.76064
RNGEDAKBYYVCFWZP,7545.843594
TROEGZ65YHBQKG9T,5649.801531
BRAEDSKCXVNYXGA6,1503.937844
NKCE9ZVGMHZVTF2D,4643.876667
WATDUKHHH4SQXDAK,5168.364298
CAGE745BJ67RZCRR,2314.368214
PCSEAKVBNSFWGBGE,1235.156371
TSHEHV9TPRUBUENE,4517.061371
SHOEY8RMVZV3UY3A,3894.535527
TOPEGWUTW6GWYSBE,2231.103248
ACCDQDYBYVQZNHCH,8380.479274
MUGEBFGF6MDQGHBG,4161.205075
CAGE6HHHUHFQSAPW,479.902965
RNGE7GVYAP66GRDD,4187.164933
PBXE5SUCYEBBSFXJ,10445.550158
BRAEBBMQZBZHCFAJ,4446.345367
BRAEAC839PBQV9KF,1127.614424
BRAEAW9HT2EUZD3X,2085.287967
SHIE2QTSMSXF9QAH,3613.644758
RTRD6FYYWFHEYJYE,5225.82702
CAGEFPY9ZSFFNVAW,9772.944117
ACCEGKTSGJEEVTZ4,940.253987
AIREDJCGZN2HKZHJ,3256.544098
BRAEA5MZ8VZHNGGH,7585.630566
CRTECN2QX53WHTKZ,2716.372975
JWSEBCY4HDWGJZBT,1391.083603
BRAEB2ZTVYY3UKWA,1886.00981
WATDZMBRPYAYTP4G,7110.430856
TOPE7WAUFEYYDXKG,10110.286708
TSHE4DTF53HPYMU4,4176.028019
BLAEE3YXZGWWT8UD,6389.97281
RNGE7M925YCWZZRR,6797.141661
BKPEGXWHXG4GZWET,1128.744128
RTRE8GJUFNETVUMZ,5270.677259
SWTECXPHFVTHWJF7,10927.361179
SHIECKYBNNY2BNZD,4211.863272
WATE7GP3JZMFEGZG,10904.965238
CAGE68FFHZRTSZS5,4196.316029
ACCEGYP2TMX2NUPH,5740.189351
NKCE9YFBBNJ82UVB,4072.001611
HMBDRUCNJSJQRRGC,6588.912759
CAGE3GFTQ3UHZ4TC,841.683366
NKCDTAXF2EYZ7MP8,2902.305005
LJGEYSUNTPQZG4ZG,1002.803197
TOPEGF4KEGGVMSXX,5355.13687
TSHECQKNFFER2ERM,3776.96193
PBXE9YWGTS7NGYKT,2085.446205
WATDZ5HGXEYDHBWD,13045.48798
PRCDVFAFM2FPJBMZ,1719.731209
PTPE2F33QGYXMHGW,3955.606858
KRTEJCZ4M7FD3NJS,2664.93561
NKCEAPCYFBP4UJ3V,3153.704645
CAGEBTJBRFGAUQQB,5171.731705
MUGEAGGKZFYBUMP9,2543.975923
ACCEAZCVGGGWZGKU,807.730774
CRTECN2QVV7UJQNH,4911.079214
NKCDXEGWS7VWXSEJ,2887.070989
NKCDY44FMPNQHFFN,1256.65524
NKCE8JXS2AAKUGGD,3676.52455
RNGE88FRWWZECGGM,6839.634335
BRAE7GU9K3E2PWGC,363.372055
VASEHU9W3N9RDPGZ,7353.41886
PCSEC86VSX45XVZS,12606.610942
NKCE49ATF8BFHDVP,1521.94477
KTAEHETVCXXZRXGK,10424.415574
KTAEHE9HAED4VUQB,5195.31485
PACE472CMNPGQY2W,2796.004537
NKCEAPCYFTHYVARD,539.770774
SHODPH4GZWVXE5RB,950.663841
BRAEB3KBY393GUHA,10668.646565
BRAEB2S8RZZRXMT3,2323.732889
PCSEAH5WWRYGEVGZ,7548.681887
NKCEAVZ3C9CRDB6Z,345.2302
RTRDZTF9URF2UFPF,9292.252534
CAGE6HYJDNZJVADS,4631.710101
SWSEBHCPZGHMBKJY,3727.342129
ACCDQGVSDZ92ZWGW,2949.550848
NKCE4CSZUZWHUTFS,425.732332
ACCEGKFHRFGN6XZB,857.534292
BRAECGQ4GW73HJFV,983.031333
CRTECN2QXZ9ETCGB,3456.667109
MUGE6A5HZUJ924WH,2487.065061
BRAEE6YMK83RB9MZ,877.704809
TMLED6G5MJQGNZHS,4407.245389
NKCEFGFUZURHNH6R,3031.576537
NKCE7ZPRQX9SBZXN,2381.461194
VANE3KUFUXF2CVHU,5348.122427
NKCED6EYN4ZPK9AA,8151.508296
RNGEDF5HDGKZGA3T,1216.555245
ACCEAZCVVFPBJAGB,1170.480461
PBXEDCSE8CHTATYY,4565.26085
TOPEFYB6HRPPCD8R,6798.774418
RTRDTSBQW94HJ8VT,203.89396
NKCEYGTGJ65HSJ9Y,2249.150595
NKCEFFFPGEJSTBJP,465.717091
NKCDYASFYGXZESTM,3211.728861
NKCE6SR4H3EHXWNA,3767.612997
AUDCY8T7KPEG3ZZF,6066.921605
NKCDWBPZCHZEYT7S,3324.141359
NKCDYARBFFBQYKFH,3723.267868
TOPEBZYTWUYMJXSG,4156.126083
DRPEG3ZH7GJFFZDM,6191.276784
SNDE6KNAQN3GFRQG,7497.540277
WFCEHYZMGJQWVVZU,5642.167186
ACCEGZ6BRBTGQWZY,4023.232062
CRTECN2QXH4N9WZS,2573.105108
PTPDZYCEDURXTYRF,2068.044485
ARPEEMC95HMYAJNH,5438.651216
SFFEGKYYDWTZTEQC,4277.441248
PCSEC86VCFQYV6QG,6363.41473
BCHEHYMBZQ8ABUUY,1618.90689
RNGE87FCQJ9GRKWZ,4546.668971
NKCE5ZHWX6Z8PBFH,2099.390475
BRFEJYHNGYSX9T9D,3391.854304
TOPE7ZHYQFFHPCBX,4684.264057
CAGED6YFBH8NZQM8,656.196813
STREDF58JH3GQZF9,2550.551061
BRAEA5MZDQKHUQCT,3295.715194
MUGEBFGF6ZUHKH4C,626.892605
CRTECYY4GFDJFKBD,4469.651392
WATDZRZGZAM7HDGV,5588.552721
CRTEHSSCVTZ3DB72,1024.844441
NKCDXZGUZKNYVXG9,9971.303157
TOPEBN6MZNGGZEMY,11037.430738
MUGEACY8VQRMM4FX,2415.184943
NKCE5UY9HQTQ8TBG,7659.31213
SCHE4ZYTVE8DY5PP,3567.258498
RNGE9GWPJH9MMNWX,5734.484414
CAGE8FG3CYVFG2GM,2744.766468
SHIEHXZMQPC4GT6F,885.304296
ACBEHDU9Z9DGZP9Z,5310.088367
BRAE6KWFPZWJ2FHH,1903.46256
TSHE8CAWEGE3CUPM,3548.70873
SHIE9J6PFGP9DZAH,4153.005779
CAGEYFZWNCKDDXXQ,1237.939259
JCKEEABZDWF9VU7N,7070.224196
SOPEJ7SCRS3SKFGP,4247.73003
WATE9MVXHMTCFZSP,646.586647
CRTECN2QXMXFUYRD,1414.694972
RNGE96Y49HCWGUGH,941.175779
BRAE9RDQYNWZBYJF,2048.15722
RTRECFHX3TDFD9SP,8223.031037
BRAE59YTMB36ZVFG,7939.59779
ACCEGZ6B9MYUTYST,7022.445375
SHIEF8DUHZJP8MVC,767.49393
LJGEG52SCZ5WZBKZ,4593.11266
SHTECN9HDECRYPF8,6934.81712
CSKEH3JPF4EJVBSF,6884.913497
BRAEBBYRYT9WDJRQ,993.581738
SFFEGGJYFJWAV4HV,3645.210613
CBKEHGUY3GEHDSFY,5623.663541
NKCE73V3DADAVHDU,3945.269626
TOPEGF6QDCGCHHXY,930.425506
RNGE3YSWFWYYHNCA,5719.875593
NKCE8HSQJQBPRSGY,6216.630705
CAGDU9C3QVCBMQKQ,3519.580322
BRAEDQDFMNC6MQZW,1160.686112
SHOECB92BGNGSZGZ,666.88224
DREEAVBXKQUUVJUT,4522.883451
WCKE2TFYZGPGDGGV,4243.963789
CAGE9AGRUGPHV5FM,6829.78366
BRAEBB6TT8GKVG8A,2204.200445
CRTECN2QUCSMF4SX,2794.106809
BCHEHYUKDZZPZBH2,2337.610127
BRAE8JUHJB794RZY,7620.080254
BRAE4DJMZCWYGDJU,4667.668145
GLSEJGVBRQMYV7NE,6896.354371
NKCE9Q93HRESPRBU,5955.483727
NKCECATQF8ZXGXJS,521.049954
ETHEJG7NHGRFGHHK,8086.349473
NKCEASCZBAEB2Y63,2675.653578
ACCDSY8ERUYRYSUA,1320.865557
BRAEDH76V3J4FBWQ,6494.076405
HACEGPF9FJFJQU2R,739.715373
ACCEGBTPV5PPBHVD,5875.73202
PCSEAH5WCDGS8YCZ,2668.576957
RTRDRUZCPNJ3MTAT,531.786025
PBXE68H4WBX5AFCH,3245.995361
RNGEHFDYHVSR3SMH,2814.051357
DREEDR97ZHGNPWFR,5383.192168
NKCE9ZGXGSETFAZU,2795.965891
SWDEGU4MDSDGGJHN,1078.405483
PCSE3X2TJCZGDYYZ,15088.480745
MUGEACY86QBJGTZA,3932.821313
CRTECN2QXC7HYKPG,8555.45078
NKCDTAXFXWPKGZAN,519.328652
USGE9ZHVSVH9FVHP,1099.705831
TROEHQYAHGHUEXXZ,6070.705311
NKCED8SK6UNMAZST,6630.15437
TUNE8XCD5NGNPDYJ,1220.147034
KRTE7X8NADSVDEET,7645.243383
FABE789N7XA5E9GY,3032.806454
IRNEGYYU2ZVJQQ5T,4582.070695
ACCEH5Z2YUKYQBFP,4256.843182
FABEADKAG5XYGZHK,2844.590914
BRAEDSGAUHAZHBY5,6059.854669
CSKEH3JPCEGTMZFP,3947.705126
SUDEGVG6YTPMYPU4,2038.169585
NKCE48ZU6EAYFSCM,2180.761445
SNDEDFE6QPNQRAXF,8631.496411
SFFEGP24CR5VDNZC,7124.07786
TOPEGGE5GRFUTGGB,8814.114032
EMLEGMZRZGDARGR8,4129.718889
CRTECN2QVPG3DY7K,2839.291244
MUGE8VY8HZAM3ZRK,675.861367
SNDEGAJFFK2KKKRF,4351.396599
BRAEDASWQDSYNUV3,7652.253582
PCSDY5AHM2SEJM4K,6111.803731
NKCECG6ZNH9NXFFH,4001.895129
WATECE855W5YFE3H,3112.452457
SHODWMHHCXTD47NQ,5315.491251
CRTECN2QYCZPHYHH,2873.71045
GOGEHZ5P6TWYBFXB,2489.90782
TCVEHSMY2TNTCKNC,7684.106225
SFFEH2FGABYNF47W,4525.423762
MUGEAGGKZFD7ME7F,1789.042068
TOPE7QTUGVGEFKH6,3656.449562
TSHE4S26ZSFE9JTB,3251.610639
MUGEGZUJBNU4Y2CH,579.880067
WATDUNJ7PGYUWDGQ,8251.113002
NKCEAJKYW5CDKBEV,9425.319136
PACDZUDMCHKDHGXA,3389.394339
BRAE8TFHGXKFFMAQ,1631.800177
NKCE87C3JAXKXZRJ,3065.123341
NKCECQYZ24MSM3ZZ,3656.174137
SNDECZJR6APCXEZ4,11337.265033
TOPED9T3FXS8CP8M,5608.416655
ECIEF7MGVGZAZMGG,4839.271672
SHIE7DFNYZC6YWTT,557.486554
SUDEJFBRVYEUZUDH,3097.499152
MNKEYGQMJHGZ4ZRX,1719.462485
BRAE8MVUMSMBMNJS,3469.725117
NKCEBBYSAJKEEQ8K,2994.59748
SNDE9WZJJ8YXWU5Q,8709.91448
CRTECN2QSXEHJHR5,4157.418631
BRAE9TBZWWACJHJ8,2815.299782
SHIE9FMP3RBSYMEV,6216.928056
DREE4DF4DQYMGDJV,5149.711452
NKCECZKQGZXVZ2RY,10177.199442
DRPEHYHKYSXETBBJ,3856.47231
LJGE9UG8WCYXPCHA,4470.159194
GLSEHFUGQRHPBV8D,656.119097
TOPE954FERN5VZYH,4516.039801
TOPE7JZU5WZZVYDT,8229.87732
JWSECGFU8YKHTSMU,3837.941297
RTREF3PRF3M9FMEF,3534.618348
PTPEAT32HSGZFHVY,3372.033634
TSHEHU5RQSZZHSKF,5990.761535
NKCE2RPCN6RCTGDG,6093.828353
ACCE45UGGC7GVAVG,6508.381483
WATEBFPXFYMWJGJZ,8780.28524
DRPEFZDBMRGECGZG,5160.780306
TOPE2HZRFKVVTCKU,4346.140793
CRTECN2QYKFNFXCZ,2091.541604
PCSEC86VEVSKD5ZY,1781.63171
SGLE8YSWHJAGP3WJ,9589.745643
RNGE88Q9HE9RQYEM,9128.293653
CRTEA7HAFUMPQNHJ,4669.64709
TUNEB42QBZHYP57B,2372.421599
MTYEGUA2VUJ9UDGX,10624.65627
PAEE8NDKHJ7ERAPT,6959.968553
SCFEHDJKTM826ZRA,4454.711493
RTRDFFYGKJAXPUUG,539.883386
BRAEDQDFGYCZUFEJ,1617.19893
WATDK2G2WM5XHF9S,6368.610816
BRAE3P8YWVZGNYZH,5362.622014
BRAEBKJSNVGDG4DP,2750.611414
MUGE7DUFGUZDQMTQ,2026.56969
BRAE7Y46JXZJHN47,6833.50897
CRTECN2QVB7UDF2P,2618.959595
CAGE76FNT9D99PZK,2885.864726
MUGEAGGKHFAM4YZG,509.161544
DREECRS4EHXNA9UH,4278.720129
NKCDU4RZC2AFABJV,3099.485457
SNDECYHFHV7XHZNN,8170.235911
DRPEHYHGSSEPB6HW,4227.151655
MUGEGZUHVZ4Y85DV,3839.717817
BRAEBBMQYHRSZ5JC,2494.997332
NKCEAPCXCP8GZG5Y,2316.840662
RNGDWKZN9DSHFHYY,3468.881333
PACEB7GGJXVVDZFZ,1986.467963
BRAEDQDFSDVTSSWK,2310.53182
NKCDWBPZAJH88YAZ,3273.206525
NKCEB774SNZGVYW3,574.865655
RNGE88FRA9DMA4UZ,3929.524848
BDSEJJ6USEQZS3QA,1280.261556
MUGE9HRRKMGKHMRT,648.218157
NKCEAX7HH7BFTFHF,4060.008912
NKCDUYA5PQWDKMBZ,2583.306792
WATEFWP4V5ZEHZZY,3406.712912
BRAE8QNFXPTNHXKB,6972.123169
NKCDWBPZGZJNYCCS,3710.646812
BRAEDZ7TZNFQTXZA,1962.986289
CSPEGNS9GZVAGRY7,4813.68489
NKCE6XU6DA4HYYGN,3665.616573
CRTECN2QYMHJKQ3G,113.807996
LJGEATZSESZPRQX3,3429.463337
CAGEBTGHSVHHWPG6,7460.204064
SOCEJZT8FMXJ8VHZ,4774.94664
FLUEGKG2K93HY9TC,3955.415115
SUDEHYGVDNRHYPTW,5657.544558
NKCECZKQCFGWJ36A,2251.476083
TOPEHZNQGZJYYJHE,705.303631
NKCECGVBWQWGZUVG,1679.014052
BRAEDUXKVAPEV9G6,7309.232585
RTRDYYTZSUUNFFUT,539.340299
BRAE3WVQZZUJA4JW,5386.788331
PELEGHQP8GMXYF6V,3297.663089
NKCE9YFCEG5FXMAH,3885.05544
TOPDZGV8GUEXZNUT,4941.038571
WATDZ5HGRGZG4AFT,8824.254323
MUGEACY8DDWFGRUA,2159.286185
RTRE7FT9VKRGNTRR,8378.416716
RNGE7M9279JQH6M2,6695.744764
RNGE86J7VJNYBSHZ,3393.697359
TOPEHZSMJYWRYH8F,562.957395
BLAEE3YX3WETHSZD,6191.610806
ACCEAZCVEKWMNSEY,1395.862746
SHIEB7A6NCNJNZJD,3942.527025
WATE2FAHHP3FEYG6,9354.411073
TOPE9PSGHRKUCXKM,5998.818545
MUGEAGGKKDAXEA36,3599.376879
TOPDX9TF4PYJMX7B,3186.764109
SHIE9J6PVG9ZE9M5,3593.682609
TOPDZFGCFH8AMJ4B,4649.684721
RNGEA9ZXDDFHAVMZ,632.625481
PLLEHQV78ZFHTE7X,2890.740619
BRAEDTGQMXYVF7NB,1051.611485
CRTECN2QVSZP8JDW,452.22733
KRTE5PEEG7YAGENZ,11639.42663
NKCECGVBKYNJGZZQ,4224.640043
RNGEDAK2KK6VXQQ5,7308.269358
RTREF3PGZGTGBHT7,6060.481182
MUGEYYXFNGQ6A3FP,3874.699289
SLOEBHYNHETSRBXN,5828.591795
ARPEGDHSXZJSHGSN,2746.255164
NKCECPHGBUZPN2KU,5835.990468
VSBEGBH9QBHT2MQF,1043.397433
BRAEB2ZTXQQTYTEP,2190.677542
PANEENEMG9NPM2QQ,758.141201
SNDEHZQ7MMN272VX,3962.390079
NKCED2ZGYAP3UKJY,6168.277084
PCSEC86VKYNCPSDK,1994.837363
PBXEBYHYS3UXVBE5,3773.318383
NKCE8ZJ2PXWJQZZX,3057.796582
AIREGHYGSZKZYZBB,4160.981896
HMBEE965MNXMUSFY,6655.650118
HAREGG26JVZYCC8B,1954.864979
JEAE2KFRBNFZFWE6,3252.791583
DIAEJUCFFWRXYACA,5454.727347
PCSE76X4U7MFDPUZ,10661.931866
MUGEGZUHAVWFHSER,4905.157909
TCVEHSMFHCPGH9QJ,738.135742
NKCEFNPJ5M9JZJR7,2255.979724
PTGEGUP5KM48MRRW,526.996084
KRTECAVZHVTGR2YV,6828.662096
JWSE9KZTWGWKVYYH,6547.074856
PCSE95HXQE744G8Z,5040.966548
DREEGZ4CUZH5CATV,4351.442226
BRAEDQF7KGNJ2EEW,8886.119439
PTPE4P39G9SVGHRZ,521.732254
NKCE4PZ6HYWFZUAN,392.905548
SNDEDFYPJFHXG98W,2960.206435
TSHEHU5RWCQXRWF9,4860.550035
CRTECN2QYVBX5Y4W,1086.789395
NKCE8HVPEPWAU2HF,2750.839362
PTGEGUZVM4X9XZWG,9643.443622
BRAEDH76Q44DNY23,8521.859199
INKEF7WMPUEH9G4V,3684.938766
CRTECN2QS5JJAFVP,5568.156571
SHOE2FQCE3QFC8ZM,3221.684382
TOPEEEPV4GFFSHJG,6110.871841
PACE43HF8JWNA2GY,3357.167203
PBXEAHTCHTG62WSA,3233.237054
PADEHZFJGQNSEVKC,4081.584809
BRAEDQFRZAAEWCDT,2873.933438
BRAEDSKCJJUEVC6B,1668.476605
WATE8PBFZKV5BYDZ,12153.947632
SNDEHYMXZTFRYZQV,6197.614404
NKCDXYFHPJ4UNFPU,3945.382749
RTRECTV9PSVC8Z9Y,1613.579702
BRAEDXPFA43N8HW9,7315.642072
PCSE4C9YYYYXGNFH,8105.322751
MUGEACY82SGHCHYY,4937.963099
CAGE7UCEDBWHWF48,3010.644775
ACCEDTNRADHZ35UD,1022.17778
SHOECKEYFVTA6E8S,6306.474204
CRTECN2QTK6FRYHR,2937.156922
NKCE7MMG7YSJCBZG,363.859933
PTPEDDXTMZKMNXHX,4227.575916
ANKEGPVMFV9BJBJM,6138.87787
BRAE8WPSGGK9DQHX,3959.196044
KHREH26Z6GEDTYYH,1118.288229
NKCE9YX4TREBP4UZ,482.690672
SHIEHYHMWMYPDFSU,4355.451136
BRAE7KQVYF75XZRE,5383.885022
TSHEHU5RHTSZSCAY,6336.07146
PAEE8EZHZFKKYMVK,6151.453038
NKCE7PZPCSNSCHWT,4094.46011
CAGEBFPEVT4JFGPC,3236.697581
NKCEBBYSAMV3GRMV,3135.736318
PAEEAMGFHMZW72XN,5753.312657
DRPEHYHNCZXNYFZH,2053.784362
NKCEFAG9U4ZHRHKU,3717.511406
BRAE5F3KGW3JVKJH,1719.854002
JWSEBUKYNF45Q8DG,4886.061939
BBAEGJFRDFNK9FCH,5930.571845
SHIEBY82HGZCTH5D,3532.368143
JUMEHUFGYXJYP29C,9005.803871
MUGEAGGKY7DVDTYA,3478.693531
SHOEBGHJZB2UKFC4,3934.893886
CRTECN2QYUDAZJ8T,2614.107327
WATDEWZ9UMDYPWYC,2101.64186
TROEGZ8QS74W4XR8,10947.626737
BRAEGJFX4ZCMZHH6,1193.009255
NKCECJPCUYJZZQTR,475.188861
BLAEE6KTUAEBTDKS,9206.355995
MUGEACY8TXGZFHKY,411.180819
BRAE8EHTNDJHDDAD,1754.039117
NKCEBFWTTMZH9MAR,5196.452084
FSEEHXHFG6KCYVVU,6980.733476
WATE3YHHFFCUGZFB,4376.416658
BRAEAM6PF9YRAWWQ,7137.062909
DTHEHTAZPGKDZXWH,4195.255626
BRAE7V2UXPZMDHQ7,7260.855824
CNBEJ9EDXWN8HQUU,4276.729103
TOPECYENWHHDGFCH,3745.962439
BOLEHUEBRTVCGWMK,3792.132505
TOPE8H5DGZH8GTDC,7939.704027
PAEE8G6NHEZMBWGH,7944.69478
LJGEG57E8US6WQWE,3060.221602
NKCEAVVRVBGADAHE,8798.730832
SHIEFZ2GJGAHATFG,2241.86211
NKCDZJB8WUWBH49M,3590.566696
HAREG4928QYXAP3E,7522.870475
PBXEBQGM4J4AWAWF,5565.584123
JGTECTXNVGH5GYM5,5258.870966
SHIECPXYNJ8UHGFN,6988.632854
NKCDWBPZ42YGY39Q,760.480251
WATD9H76N5WQYVGJ,9172.262201
ACCEBWRHKPQCGJNF,4644.83724
NKCEB2S9MFVUCSQU,2021.63589
CRTECN2QVHHZ5THC,3504.779809
NKCDUEHCBEY7YZV8,1743.134913
SHOED5DCYU8HWRDH,3064.878177
ACCDQDYBKTC6G9GH,8678.9996
WATECVGYJXPGREKD,547.881901
NKCE7TZG9AG6F3YB,4242.8291
PBXED6C4RKBW8SRE,451.63246
CRTECN2QXHMJ87BG,2468.264355
SNDEGFJHB7XH9YPW,747.656607
NKCEAVZ3ECSBFANG,4244.037599
BRAEB9ZNSUGGSFQV,4693.642144
WATE9CFHPAEU3G4B,5130.622964
NKCDYQ3RWGURBTAV,784.4082
BRAECRHEHYDVDRTG,2245.427344
NKCED8HZ3VQRHGGF,448.838015
BKPEGUJHQSJUZBVF,455.988291
BRAECHF3WZHZBQX2,2152.654441
BRAECQGS8RZDBQXM,1849.78274
BRAEDNX2TYZYQQZ2,3838.531995
NKCEDAN8ZMVMTDMB,5240.251956
TUNEBE8ADAYHZ4PG,8364.336682
BRAEDN37XKYGFKGR,8097.30806
CRTECN2QYUBADBHF,3310.989929
SGLEGBV6USTHRNDH,4171.975688
NKCEAPCWZTGKKMGW,3112.022389
NKCDSRPAFNQEXDZG,750.387888
ACCEGNVADAYPFTER,4045.19491
SHOECP78YDYPYPSE,3525.923296
NKCECKHZPB2JMPGF,11572.080768
CAGE79CEHJZX52XS,3281.94084
SHOEH4FSHEDEMVTM,3473.066117
NKCE5UY9JMZP9NGF,6440.334307
RNGEDAKAZXTGZNAM,5762.564411
BRAE5PKZBZGYZEMH,7779.426276
WATD9H76GH2CHZ48,1590.451931
ELWEG4DCHBUNHUAD,5670.261753
BRAEBBMQJ9ARUWCH,1710.73071
MUGEACY8FADKRHPW,1807.843513
SHIE53GCQDQEK7SF,6033.472877
TKPEG2Z2CWU9AHXG,568.38265
TOPEGGA6H622PCDF,2143.738703
RNGEFP2XDHURBWYP,963.621198
WATE5HFYAAFVDZMJ,8463.19998
HLUEJQ3TART8YBKJ,9227.5106
BDDEH93ZEEZY7CHM,801.461551
SHOECXPMAQXZ3QPH,3929.656958
BRAE8X2ZZMYUZGGU,1620.793686
CRTECN2RCWZTMS2F,2523.584123
PHFEGJGHPSYKMHES,2028.631299
NKCEDHHPRYYZURBG,7340.686612
DSEEHETVWRX9FZDT,836.517328
TOPE7H6NJKNYWBGN,2680.295314
BRAEAM5DR9NS5XPE,4158.955122
BBOEGP4HM4C5WXVC,1161.615695
TOPE7ZHZJY9AJM7H,6911.493566
BRFEHWGA3B6YEWNG,2312.602555
MUGEAGGKRHSXEGCV,3202.434513
NKCE6TNZZKEGKPGA,4215.764132
ACCEGH6RPWY9DHAB,6098.320169
SHIEBJH8XQ2TEASA,2158.956577
GLSEHFJZGQDR9Y6Q,5841.135575
ACCDQDYBDNZRPMSW,1138.868819
CRTECN2QVH5KUGW4,3926.842947
CRTEB774JMYWBRMV,4239.378598
BRAEAW9HUAWTZGSH,3582.570623
BRAEGJFXJGTRFEYE,1300.55332
SHIECRX5GAVFAKJ7,2762.829738
PCSEC86VU9PMZYMP,8446.587722
WATE8C5ZUTSGNEMF,2935.949532
NKCE2W3WYQZ7TCRA,645.397109
BRAE7DRSNFESBUYT,5676.06597
PBXEBSMZKB3GTTS8,8072.646684
CAGE9ABAYFMUUH45,263.305445
DREE8MF7NWZUYSBV,9331.252773
BRAE3WVQHJWKQZHZ,1832.275529
SHTEB5MNYHJJQGBJ,3684.073133
PAEE7A8QGN6WSYAG,12497.288133
MUGEACY8QAHZFFXV,2024.77425
AVCEJCHZ2GVMBVP2,734.477693
CAGEBTGG3AZRBFHE,2465.795761
TSHEGGCKYG5GGGMU,3294.34498
MUGEAGGKKZBHTBHW,2928.238899
PBXE7NYSPF4FKVY6,3156.214451
ARPEEMCAMGADRCGQ,4079.534897
ACCEF3Z2XMEEJVWE,7675.789731
SHOEFMRZZAXFQW4F,5714.276507
TWTEHH2B5EZ4PK6U,5042.758852
WATDXFGTMYAAZYW8,3089.712276
SHIE9J6PPZ44RZDK,4718.022011
NKCED6EXHFFHUFEW,12624.15997
PBXE78PHEKYZRPSC,10067.352374
CAYEJFYZ6B73NUMH,269.48307
BRAE8RSAHXUVA9FQ,1624.929644
NKCE9W4ZNQGHCENM,1089.431612
SHTEDWHGGHUZZTMZ,1110.174032
NKCE7ZPRDS6PZTAA,2209.284196
SWTEDVZZ92PX48ZY,4948.822522
PCSEC86VZVTTBKJE,8130.181908
TKPDS6ZEWH4KF3SJ,7530.536889
NKCE2B57DXAZBYER,2413.012759
MUGE6A5HP6TG9YCQ,2256.533924
BRAEB2S8SVFDT9HA,3275.635653
FABE88MH9NNKPM4H,3506.699806
WBTDMEZTUWBPD5DM,4232.250797
VANE8KP4GWZPNKQZ,5738.19436
PCSE9R7E3AFG7F9H,1254.491648
ACCE8XZMBCKRGRVS,1616.570213
BAAEGHPNYQ5JMZNZ,7050.669727
NKCEASCZT3V6YGJV,2712.62963
TOPEYJZ7PUP4YRP3,2841.444904
PCSE4VAVUPCMZZ7A,4180.961711
BRAE5F3KHHPXDMUR,2734.342227
CRTEJU6FJTEHSVTR,5129.792084
PTPDVPFYEKTVFEZ8,2772.641641
JEAEHYZRRZDZZNWT,5703.525523
JWSDYFUFNYBSDY6B,875.977395
CCVEFX3XNKFEF843,7437.74978
PACE66XREPHDU3NH,4453.082327
SUDEGGB3E5K4UNYW,708.286377
NKCEB3ZCW2HXUSFX,1691.100573
PCSEBFEH9XA3B2DF,3107.079393
BRAEBCY3JXSJFNZH,2202.390327
CLTEHE9GGXJKCWCV,4553.120757
CAGE5QJG2PSHZA28,303.304722
BRAEFR6JZXBQ9NJK,8279.453557
BRAEBCY3V4ZR8UUU,6383.073884
DREE3KKW8HYZJHZY,3715.478817
FABE92NVVHWSKHAX,4475.21087
CBKEJ3AZYYJTEHK6,5341.771984
SHIEA6YUZCDGZUCG,3085.973405
SHIE9J6PYBXBYHRZ,2171.613302
FABEADKA9VBM9DTM,4469.523646
BRAEB2S8TG98KYGJ,9868.94031
CRTECN2QX4FC2UAC,2656.928414
NKCEAQPGSPXZDCSA,5621.971077
NKCE5TFVHZDZTAYH,3587.936484
BRAECCDUHY5DYWFW,2605.047313
NKCEFFFP9THXHT7P,1990.149074
DREEAVB2QKSZN4HH,3984.940351
SNDEGSZD4WHWUEPU,7026.64056
NKCEA5FHH53NDT9H,4054.423393
NKCDU4RZYTKBTQPC,2983.643582
MUGEBFGFT2CSSGVM,1187.935906
PCSE2ZFDQHP9ENMD,8146.133762
SHOE3TZMQHKWG7TT,5026.115298
SOCEGHFY7ZZ9G48G,4121.724312
SHOEJUQGNBAHYR3E,5245.977043
PCSDY5AFFHEADFCS,7711.512294
BRAEGJFXJR4GPU2C,966.116441
NKCE5UZHWVVB7FCU,3476.834423
BRAEBBYRHPZNNP6Z,1194.867967
PCSE98DZU6XXGY3C,6781.020482
NKCE4PZ6UJQG9QQE,1497.035257
PASEA46QFBTUGATC,2030.716992
CRTECN2QZAQWXEKU,3158.650336
CRTECN2QUHEXQ5BG,4941.13965
CAGE9ENYESDHRAZG,5185.592866
SLIEHUFGN6EAJZZV,1550.544893
BRAE7KQVPZXEUTHY,8434.882117
BRAE9RDPFQQHHNNE,7833.986942
SHIE853ADDAHYSFQ,1786.408883
PCSE9HAGHNGNRHZD,13634.46506
WATE7VE24DXUPMAG,9091.206519
PBXE4WZJC3ZN8NFC,9842.114928
CAGE6GQCC6YG7FTD,7192.742916
PCSE6SJGNDGTHPGR,1184.676708
TSHEGCZTUAZAYE7G,3087.315346
PCSE9YCZXDYVMBYZ,4008.75394
DREEDR97RXXXSZXX,2415.329645
BRAE8UZGGRVBCEHM,8582.216539
PBXE5YG7JZP48WAF,6305.200306
TOPE4NB7QJFGX4PV,5695.257178
NKCE6SR49QBZZHMP,10814.068506
ACCE8XZMFNFCDPXE,6693.054272
NKCE45SJXTBHBFPX,5228.081932
CRTECN2QVVZWDMVZ,2632.417905
MUGECEVFM93JBPEW,3572.649215
PCSECV3F9MXQZH3V,286.150814
NKCE2RPCH7YGSPX9,5369.07178
SHOECVMMYCMGFZZP,3144.50683
SHTEDFFJMHZWSYT2,4572.264249
NKCEAZ6FBHSGCGAN,4208.376356
NKCEGZZGGGDCERGH,7304.596501
NKCDU4RZZAMFHSQY,3753.562069
CAGED6YFXAHXJSDH,1490.357561
WCTEHU6FYRC6WWCG,4055.251096
WATDZ5HGFJCH2FGY,8007.581642
IDMEHY86YP4NFZUG,3397.998056
NKCEFERXYKGHFACG,4782.437953
PBXEDDEFFMKZM3HG,518.851258
VLBEJKMQ9QZS8ZXH,207.267837
DREEG9JRZUZM5CBH,5633.473859
NKCE6GJ5JHFKSM6T,5323.492483
SHOEG5XHVBSU5BRW,4332.204188
BOTEEWFAGTNGUQ5A,4948.001603
ACCEGUY9XYXUMRDA,6819.042945
CRTECN2QUBFBECYZ,6672.145557
CRTECN2QSWDGMGZZ,4123.062833
SHOECSWQCEZRR82X,799.919535
WATDZ5HGGUGHEZMH,7721.853036
NKCED8EGPHGKRPBH,6048.669482
CWDEGNNW8YCD2VHQ,5451.056728
PBXE89GKDPBANA86,791.769212
ACCEA7PVQP8H27UH,1273.057068
JCKEEB5YX5Q8HYBM,2398.896149
CAGE8PKGVCNS7JCH,5896.888964
NDNEBA9VUFJGTDEE,548.423119
BLUEJQRHM9VA48GF,6091.297801
PCSE6SJGCFMBG5PU,7155.424206
SHOEJP2GGGP2GGPB,1232.824954
CAGE8TQ8A7TPFYZN,2067.779369
TSHECHFVV3F5FHK2,3725.163131
TOPE3NVYHZNAEPHA,699.16609
BDGEGEGCZ5ZDXBX9,11270.168248
PCSE3YFFCYQVRNYX,5963.715071
CRTECN2QW9H2NWF2,3134.366743
TOPE7ZHY4ZX6VHYU,4519.425779
NKCE9GY4ZH4Q4K69,402.24668
KLSEGTBP3VQPZTHF,3770.256636
BRAEGGFEQRWYDHHK,4114.601321
PACECF9NDZG39YPR,4792.253594
SNDEGZ8XGC4BWUZF,5705.261063
CRTECN2QZVM6SHSJ,2795.727382
SFFEGJZHZPYSE7YD,3914.580066
NKCE9YFBJMTVANBC,901.097464
BRAE9WYJXR43VESQ,1766.038812
FABE7D5ZSVVRPG75,3697.095113
ETHEGNMSZPZDZC6T,2762.15413
CRTECN2QWRACCVZW,3492.552164
CRTECN2QT6ZMHHHH,2812.091842
PBXE8W55A32CHXZD,461.895079
SUDEGGAVHGYEQJAH,2855.603676
NKCEAZ6FXQFHJH2Z,458.811247
NKCDYFHQAKQ62MHT,2842.566378
PTPE7H5JD4MH5T4D,4096.654552
SHIEBQ8W6KQHQG6J,6117.170274
TKSEEB9MNUGDS9DZ,3680.435245
BRAEDAGATZZKMRNY,2176.453578
CPIEJCN3ASM9ZRXE,4163.747883
RTRDQGV3ZTKAZTPD,4270.599923
ARPEG54NHHJDT9FZ,4837.829226
ACCEBUEKVFFUX2DE,8415.239811
TSHEGYDYGFHGSHGY,5969.775955
VLBEGZ7SBMDMYTXZ,6110.776733
TOPE8ZAF4NMCGHR3,2899.798383
BRAEDQEDVYJV64GV,8052.262959
CRTECN2QSXKNSX8Z,2796.018712
BRAE3Y4ZP6GF4JKT,4501.985973
SHOEJWNPWBWCE7HQ,1663.617688
SUDEGVG6PJKDGW2Z,741.648826
WATEBS5YABDG6ART,4987.788991
JEAEGE8QCDDXCXFG,5081.609321
JEAEGFMHRSUHCHDY,12130.01581
SHOEC8QGTYTSYHRC,5664.126954
NKCECZJQS73UZGX3,3002.583473
CAGE8X8X5QEP5BWM,5272.480721
SHIECHC2G6B7JPTP,933.162688
PTPEATF8HNUX8SGY,4192.180474
NKCE8BG8ZXHRZN9G,7838.682336
BRAEBG4ZBVZDWG8M,1494.634679
SNDECV6YCADQHMUQ,6845.22355
NKCEB98TYYUZE7BQ,5078.157465
TKPEJNSQMHREJYRD,5381.109823
NKCDUYA5RGAGR4PY,3771.652908
CRTECN2QSQX5H4GM,4245.641288
CRTECN2QVNAWZZHZ,3786.327582
NKCE6SR4YVMYZMGY,9911.612485
PBXEAJVRV5HNMDTR,296.822002
SFFEGF6KZ9PPM4SN,4484.123061
RNGDY8PZCQHBYA8U,6908.161635
PCSEAH5W7RFFGKFN,4925.265042
RTRECZANMW6UAQ5A,4138.501955
PCSE9R3UWEMF57RQ,9276.04496
SUDEGGB4EZEJ7ZPV,4876.370858
BRAEBBMQZJWQQFEE,3592.064746
CRNEJB4NE9FYSGBR,2892.154976
NKCDR6BHVPTCG7HA,9367.117748
PTPE4JYTBXSZSZPF,3298.062727
ACCEGGAF75RZUBTU,13031.731995
NSTEG358AT2YQVV2,4612.573562
ACCEGKXQ9ZFSWKMU,807.907177
SHOEBG6ZUGTSDGBU,4931.247078
FABE92NVJWFVRWTZ,3736.344938
ACCE8XZMEQ5C2MU7,5435.647123
SHIE2XDXPYYGJJZN,430.395217
BRAE3RFCGHJGVJ9Y,9543.305694
NKCEA5FH9ZB34DEE,6076.492763
BRAECFAQXWGHUZDQ,1792.016603
SNDEBG864TPNPGSE,889.67677
SHOE3MYBTPZVTGYM,4597.615023
NKCECW7BGWYRZ3BP,3995.849086
ACCEGGAYF5HTP4RG,105.926262
BRAE8RSAJKCPQ4WP,7631.759207
ACCEGXK4RRVYHJZR,524.689583
CRTECN2QWHKJ3PBU,4412.831259
DREECUW7PKBTZPRA,4025.237774
PCSE6SJGZWXPQY9G,2601.554727
WATDZ98SPFAQVHWR,8717.306486
CRTECN2QZ2HFUHH5,3059.068591
CRTECN2QS7YHAKV2,2129.208582
NKCDU4RZNVATGYZZ,1635.815176
TOPE7W4CTFFFDQBH,4408.86255
NKCE7MMGDBM6ZYT5,3817.746432
FABE92NUSYEWSG56,673.560352
NKCEFFFPZC5FFNSY,4516.906235
BRAEGGER5HFB7YXT,8004.016867
KTAEGFPRCCS46ZMA,3421.960045
SUDEHYGUBYUKVZYJ,5574.777772
SHIEHZRCHVFEEVMR,6171.546156
RNGE9HEA2SSEK9ZD,607.521003
BRAE74BRYKNFVGQE,2237.183415
AVCEFURSJBG924HG,632.940811
DREECZJEPZNGBSFZ,3909.494164
SOCEJPT5QW94BHWE,1592.498586
ECOEFYFCC2BUSBN5,3194.084947
BRAEA7GBQR7ZZN4K,2221.685175
TOPE5N5ACWGNUWBY,9512.348432
BRAE8X2ZW4ZPDQ7A,6176.778169
PELEJWHBZZHFCF4H,5027.678832
PBXE6YVW4CSQGJPS,3178.704098
NKCE5WSJTHTHQFUG,4247.928622
PACE5VYXKSZZ8GKF,2936.878758
PELEGWXGPG8UEXPN,3235.06619
CAGE7CZRJ39MZ33R,3227.593331
CLTEGE4SGRTVHXAW,4290.140932
PCSEAH5WZB8HNWEG,6525.515942
MUGECEVFKB5RER6P,3808.779139
NKCE3H6BGY7BF6K9,7807.5517
CAGE7CZRW6MNSUH4,4697.245492
RTRDMNVFYZZBXT3G,2927.517034
CAGED2W2SHVURMZH,5707.011282
BRAECTFYYHAUWR3A,2296.353531
BRAEAR7WUVRVUAHY,1830.244963
GUAEJGQCH9BNFH2J,6889.249279
MATE49ATZAJFGTHF,571.557283
NKCE8SESTHKCG7FW,6161.700254
PBXE9T4SWW4HSFGJ,426.719186
TSHEHU5RY4T3XXQZ,5564.751735
SHTEE72RZN4TVPUY,5599.571115
NKCE8RB5Q2SERPVK,156.273909
PBXE9YWGTTTX6KVV,3442.540456
NKCDWBPZTRZJTVR2,2415.93656
NKCEGHR7YXJD3QVA,1556.63038
SHOE3S9BYE5XWSKS,6177.931159
DRPEHS7GGAEJHWGH,653.259756
TOPE7DNYTYVKXH8X,4738.689508
CRLEJ6B76SJP8ZVG,7200.189311
BRAE74BREFRNXRYB,3250.319288
CRTEA7HABNRWRZSV,2707.644369
TOPDX9TF8EH63HHG,3999.395629
ACCEJ6TESY6AFW59,2082.754413
CRTECN2QZZJVMK8M,4215.608967
WATE3NWHWHGSECNQ,11107.659954
MUGEACY8EXQKEZ8J,3650.200053
SUDEGGB5XKHZ8YRV,11412.570997
CRTECN2QXUGAJF8Y,1272.190516
TOPE6ZCJTWVV9GRK,8670.095372
BRAEAHEHDB9H3E65,1999.312532
CRTECN2QVES5SGVH,4159.736474
BRAEDSGAZES3SRZ8,4103.57697
TOPE954F2MKDZFTF,1040.099769
BRAEE6YMYDZCTFHT,2379.644663
PBXEAJHVVCHEY59Y,543.707529
CAGE6FYHBF3HYBWE,657.046564
NKCE59YWGAXY6Q4B,2733.441886
BRAECKHYSXQD8ZMC,1214.838993
SNDEHZMFFAHHZSHZ,6037.911346
TOPE9RCYS54YZNFG,4307.407841
NKCEC8AZHBUEHH6Y,3662.364411
NKCDYQ3REN9WJEAF,1812.756177
MUGEAGGKXFT23YYH,4013.663961
NKCE8HVPRWTY5JET,2598.453958
PAEE8EZHYZESVZ2H,6119.460841
SHIE8G24RUNDF63N,5714.374644
SHIEBCQZHBFMSFMK,3325.058278
TOPEBCJF2D8JB3RG,3731.557259
NKCED2ZG8GMNMMSF,2991.457959
CAGE75DFBFFJZZ2P,3405.154278
KRTECQSZAZSPPJWZ,13428.927355
NKCE3Y5PHMWUUWQ3,4343.114456
WATDXFGTREYMG4ZW,2143.956058
GRKEG4UWCS4SNUSG,2484.086824
MUGEACY8MDQCWAGH,2176.997412
WATDZ5HGZZCZXDNC,9639.371233
NKCE8E6YYVEUTNGY,2699.229804
JEAEGE8RGRFHFUU7,7394.47634
BRAEE6YMYZ4D5YGS,5741.402956
SNDE7FD6YA84VHSZ,755.993405
NKCE5HYVQV5ZKAMB,4984.403599
LJGEDTGP6EVWQAJW,4804.161618
SWIEHF3H7WG6VGMR,1935.304086
CRTECUWZC4AEEVTQ,3781.169755
ACCDXH5HDZZU8QRH,6736.656551
NKCE9ABEZFFRGABC,5020.477637
NKCEAVVRRGHWXTNF,3335.326291
DREEYGCXYYZHDGDZ,3319.912176
NKCE8RB5TUKH4USX,5953.324203
NKCE96SXZGNBFP3J,8044.016983
BRAE8QNFWA34HGDX,9812.078537
BRAEDTNZZN4ER8JN,2244.033963
BRAEAW9MTDZZZBH9,5806.110201
PCSE6X3YSK6U4XMY,6307.528875
SHOEBBWKYRZHMMZN,3346.963392
WATDKB7JHUHHVMU9,433.000252
WATECSYFBDTEVR5V,2825.688736
RNGE96Y2DCHGZ5AH,4401.962501
VANED79Z5THRWD3K,3640.286278
CRTECN2QWVBQNTHQ,3627.978816
USGEJPPVGZNYAJE4,8164.657536
CRTECN2QY8BEJVAB,3578.384681
BRAEDNX2YFFFVD3A,1831.606071
RNGE96Y4USHKXVCY,1258.503756
TFHECYGABBG9NRZM,7205.181079
WCKE2TFYRJA65QEF,565.727196
BZREBXM8BFP6HZVP,6155.649096
CAGE7DSFVSZDYPFF,1752.057773
SHOEGAJGGTZD6HSY,4738.887486
SHOE2FQCR89ZNN8W,7370.339126
TSHEGF9YZUKYJKZG,7189.997022
CRTECN2QYZCRHWD5,2534.353658
WCKE2TFYMTCGDBE6,3735.551343
LJGEHYCBH3VEAZYN,1824.60623
CAGE76HYPAMJ7WKH,3119.548654
NKCECZJRGGSJS5MP,3036.077894
HMBEHBANHWHNQF8B,656.555074
NKCE2V6XHV3DSGPT,481.961078
AIRE9B8EKTNR8J4B,4792.280201
CAGEBTJBUKGHGBSJ,5581.364296
PCSE7B6U2VYJZWSQ,13664.199422
CRTECN2QX3VH7RD5,2083.180924
SHIEGQEQ8X5DPEWU,281.820301
NKCE38HEJPZSGBDZ,2360.662196
BRAEDQEETE3Y2CZJ,2086.603858
TSHEJQ22W8XPPGGH,780.74656
CRTECN2QYTQNTVFH,573.381377
SHIEGHNCZBRTKZCR,4383.961352
NKCDYQ3R3YGZZYGB,6532.603388
SNDEJCWXXFWQRCJU,5485.622229
BRAEGG4PJFZEHY5T,1272.779584
NKCE4PZ6YXXW7SPR,3163.170542
BRAEBG4ZXJNSXVNM,1083.125602
ACCDYDY6PBZGPYDT,12848.97117
NKCE3JRMBSUGXDK2,7354.727706
LJGE9TGNDH2E4VRH,8076.356659
SRTEGWKMWDED9GFW,1343.905375
WATDE9NFPB9TBVSK,5244.539293
SHOEJCZFDNVTB3RF,831.420797
BRAEGJFXYTH2MG98,4230.098183
TWTEHH2BQ29FYNGV,676.048625
SHOEHYA2U4D2FDGE,4808.34114
NKCEB774ZFTSYG2V,158.273761
SGLEGBV8VZ4QSREY,7010.500777
SHOEHZMMPFYUGBGD,5604.390329
RNGEJ39US9ENJXYF,5214.267909
MUGEACY8F4ZAFQNJ,663.532289
PBXE6ZHNEGF3VGZW,2662.160188
TLPEG6GR9HUYW3ES,813.603788
NKCECARBX85NCE3P,3382.276372
MUGEAGGKNFZUGFN7,4537.862633
PCSE9ZPV7HAPCFZ6,7780.524108
TOPE9KJE9PVJJZZC,3833.365215
CAGEBTJB5SZDNYXY,430.789245
NKCDYARBMAARKGFZ,3763.988044
BRAEBHDVMHWWJ72Z,6729.497675
SUDEGGBFA9UZ87PY,6838.857022
ACCEABW85UJZ7BMZ,8166.424262
SHOE2ZNGYDECUGNG,5112.224613
NKCE9Z2J5XF5GDCP,3330.692601
PTPEFS9BTD3YHNHF,4310.201832
NKCDWHFQ2ZBKQHGP,2213.235353
MUGEJG6SRGWSSZVS,6479.800647
TOPEYHHWTQ59WEHB,5282.346894
PACEC9FJHX2ZJJFM,3898.942692
NKCDU4RZYJ4NC2FS,3195.517213
CAGDU84G2G5AEAE5,10149.081565
CRTECN2QU9XUVRDQ,3962.251539
DRPE3N3WWNJHVVNN,2659.108099
NKCDW898GSGZQGGY,2645.654738
MUGE92Z4ZTV8UZYN,2672.825892
BRAEBCY3TP8GZGQP,4244.877062
NKCE8HBNYGFJDU8Q,6450.303974
CLTEHE9FS4UCYDGH,601.96363
NKCE9PFFZZJ2JUTG,7648.986491
SNDEGJFVJAHQCENF,11258.578649
NKCE2NKZGKZ7TVUE,2339.95927
SRTEHHD7AE757FTH,3066.129665
RNGEDAKCZAZQTEZZ,2476.823617
RTRDNGVMH2ZJZRMQ,7396.124275
SHIE9FMPWV8U4RWX,2198.28622
PCSEAKVBTXB6E4RF,1018.149563
SCHE5Z57GMRHGXTD,2536.393386
SNDEJPZMCWYT5QRW,6662.847613
DREEGZ5CVEHJPDT9,5373.706493
SCHE4YST2DH7X2YC,4141.13146
BRAEDTPHBRK7YTYE,1837.989801
LIDE4YMTRHMXGXKZ,3480.535141
NKCED2ZGVXQE2UWP,3319.886159
BBAEJA4VWFFEZARG,5814.152999
WATE6S3AHZXW9GPK,8771.675004
NKCEF9GTMZD4JZW3,3405.916497
MUGEGZUMNZCKBZYS,2331.997181
KRTEC89NQNYTJC9S,2224.038526
MUGEAGGKWW34AFH6,2578.079189
NKCE7HN9XD8UDKHF,4400.883289
CAGE8X8XZCGGXQ7Z,607.103099
BRAEDSKC33TQAGG2,2719.748418
PBXEBYHC4S5BQYDA,594.340119
WATDYQ938HFU8M8J,1132.887119
SHOEFVT6YAKB9XTE,4668.541941
BNGEB467JXH6QER6,10861.13257
GLSEHFJZ2N9C3WYK,864.705454
CRTECN2R5JRYASA4,3998.484234
NKCE2F5HBUPEAAPZ,536.852074
SHIEAREZZWVXUBQT,5473.842486
BRAECKHYJ8HGVGHG,1623.334428
VLBEGZ7SQGDFUXE7,5402.053797
ETHEJG2KXFSM6SYG,1252.83239
MUGEAGGKZTMNHZPF,475.601543
FABEH2JYVTGFEEFT,804.9548
SNDEA5EG9KPNG38S,770.982898
MTYEGZ5ZCWFARE5X,5107.002631
TOPE8XCDBUGUZWSP,2653.049357
COAEJFTZEFVYTVBG,1943.221294
NKCE9YCYAJTGZFZZ,3837.238962
RTRDMNVF7CQ3HAHU,3363.34837
PTGEGUZNXKZ8P6Z9,4862.03436
SHIE55GT4JDKEGZQ,3962.209926
TOPE7H6NK6YHDAP3,5664.138641
TSHDWUPNBPZZHHRD,7241.149861
ACCEATGZU9QWN3XR,2594.434789
TNREFBYF3NYEWX5R,13508.823318
CRTECN2QYNFWAQHM,5810.094755
KTAEJFR22QUF6CCX,8539.272593
MUGE9HRR6HVCRPZT,5875.31784
BRAEAW9KZHABYUAW,8988.800726
CAGE9ABBP3NXYEMZ,14254.567057
SHTEJT4DCZAKK3YW,4194.518004
RTRD8FPJEQRZ6BEM,1236.994259
PLWE6S4BKHB5HZD2,5269.288843
NKCE6XU6NKSZPBYC,8381.500079
TOPE5UZG8YEV39XC,1114.227815
NKCEAPCVHF2FJTCN,3086.3528
NKCEASN6V7MJ482Y,3039.35686
SHIE3QDHDTF4BMK4,6357.962303
SLTEGE83BPHD2N2R,9170.611589
CAGE6FYK6VKUMRTT,4103.531858
TOPEGGA4KWAXGTG7,3680.438254
NKCE966EVHN4AM4H,3570.923907
CRTECN2RTNAPQ9UC,2758.46743
AVCEJCJSV7YSUEGN,4361.655989
SHOEBGDMZFGMWGSD,3848.360874
JCKDXPJGDX8MMGDF,4174.35954
RTRDNHMRFZTR3ZPZ,3761.860499
NKCEFFFPSG28KBZR,5070.423791
BRAE8RSARRKPHWUY,7486.283496
NKCEBFWTZCR2Z9CK,8680.298832
SNDEHZKGKGHDFG57,3326.667276
GOGEHYHYGRZFMC9D,1916.837551
SOCEGHM6YYCTBXHS,1493.206896
SNDEGQ7NBVGASKHA,759.116254
MUGEACY8Z6RG3GPV,3167.579526
NKCE38HB3Y5YH3UF,3366.953521
MUGEB3GZ5HYHGBQT,2424.051004
SHOE6ZQFRGNTW8JX,2760.94141
CRTECN2QYZBRHJZF,4103.531003
WATECDDDQ7SFDD6K,4558.306986
BRFEGJANHRABGE2Y,6347.647312
BRAEBBYRYZBKQRKA,9910.85929
SHOECUZVNVUQ8CJF,2173.666171
CRTECN2QXB8H2ZMM,2266.479631
BRAEA5MZF4TEZZPH,4756.838643
NKCDU4RZR83PHQG7,5270.322597
WATDZ5HGJEQGGB6U,4900.630184
CRTECN2QZYZK9WYV,4818.213728
NKCEACWN5GXUC92H,2512.453854
HKHE57EHTMJCH5FT,4218.056953
SHIEFFFPRTTYYF3G,6583.834967
SCIEFHFUUSZZD24P,5703.347558
ACCDXFZXH75VJZE8,11714.749401
BRAE6Z79CG9ZH75H,6895.619608
BTCEJQYNBKZNZDKS,7552.275218
PBXECDBWKHNKGEGD,2165.483174
NKCE53HJHUTKNGUF,8341.699665
CRTECN2QYNCSMYNX,3307.94792
BLAE6DPHFYECGZ68,12356.30148
NKCEC9FM6ZZGB5A8,4035.908416
CRTECN2QYAPXYKZM,2749.138784
TMLECXEQZXPGWW7T,8968.0024
SHOE8VP932WXGCZV,3240.307595
MUGEGZUH2HDYY4XF,3987.939964
BRAEDW63EGE5VDXG,2363.363667
MFLDUKGX3Z2J5VH9,4940.559679
MUGE8TQEZKAD9WVN,2536.541258
ACCEAZCVS4YGWUVH,5670.89238
MBPEFHRYGGHJMRYW,1045.05186
TOPEDHEA9YERKGUT,2157.549142
BRAEDT7SDETZENWB,6241.155824
TROEHYUVAJ6NBBAE,2396.793863
TOPEHZNSWYHQYGUF,3553.748144
BRAEDSGAYPJFXJJ5,2421.740998
BRAE8EHTYSUXSHEM,2658.996356
NKCEC8ATTJB3QMGB,8568.143804
CAGE7DUYKHBTPZVZ,3796.496297
TOPEBKYKJZCNRNNJ,3134.554955
NKCE77RVJXKGY5HH,535.678427
CRTECN2QS6YHKQ3G,4125.659741
NKCE9AZM3GVSMZPT,4769.578305
DREE9CPNYFZP9HRA,3056.807381
NKCE7Y2Y4BFFU9A4,3669.614999
SNDEDG6H5CYWWBBP,10389.536785
CRTECN2QZJSZBWGH,3968.332707
PTPE7V9ZRFFHG22K,4010.424501
TSHEJCQ2VWZAKZJ4,2939.482687
BRADM8DWKXXJDEHW,373.59946
CAGE22EFFAPMZEPE,1147.490129
RNGE87FCCDJQYSQ9,8600.480339
CRTECN2QZZSR4ZVH,4707.245857
SFFEHUAUGA5GBTYZ,6060.710045
TSHE4KACQVSBXCFC,6721.532395
NKCE8NHGSHWS56FH,3479.310559
ACCEGKFHWYVFNCX5,2035.971988
TUNEA8UGGGDERAHT,18184.585796
NKCEA5FHAKKSQCK7,608.218771
ACCDSY8ESXF9AUHY,11988.984299
PBXE9YWGDQYKWXRS,9448.081684
SHIEHYHHNPVZEXVZ,585.146385
NKCDX3BH8FVUZAYQ,7089.244005
PCSECV3FSKC4P3P8,139.72661
NKCE6UWHJPBKGHZ5,546.181591
SFFEHVAVYGCD3HSD,6601.78017
KRTEJ9GHTVHHGQHM,3054.015052
USGEJPQKBNS5KDTE,4310.823287
NKCE5U69CGGXVG4C,4041.897003
LJGEATZSV5VGNDXW,2890.616895
BRAE8JUGGJMMETKY,1323.936477
WATEHYU2ZR3UTGRK,869.120831
SUDEHYGUWDBVFRMH,770.184684
SNDE5E6BCHZCC7JQ,648.411719
RNGDVJYNGRUMZJFT,3928.675007
BRFECHUFKHVYUREJ,593.692802
MUGEBFGFEN9A5EGR,3691.321126
SOCEGKQYHGGXAPGD,3264.201974
NKCE9Z2JTCBDBXJV,470.915041
PANEJQ5AMGFJKRAF,9254.524266
CRTECN2QUHKRMZSA,3018.033164
TOPECBAAP9HW5VMH,9228.692352
BRAE8RSAVVGKRBK9,3227.790009
NKCEAX7H3Y9JBGYZ,282.336727
HRCEHF2C2XQKQZHM,3836.293546
BRAE3TSHZ6VEKQUG,1146.703942
STIEJPM3D8HYQRTN,489.748326
LBXEHFA5TTMBMFR8,5615.430701
SHIEHGXH8GPWGWFE,5816.144356
NKCEAUABWU3Z8HZ6,1281.469072
SNDEGFJ2GD5GWVSH,4934.516118
NKCEDCT9KKXBQTND,229.546115
PLLEHQTXADABGDSZ,6464.588378
SNDE6SCTV6BCGRNV,8625.718976
NKCEB7CE7G7JHQPA,3425.290885
PCSE6SJGPYFYGKUQ,6904.655615
LCHEGYYBWP4ECBZJ,9144.392446
TLPECJY7WKHYDZT5,4586.803428
TOPECJFAHFF9PB94,4244.614869
SHTEDCZWARQ2HZXX,953.100299
SHIE86XAM3TUG7HA,5635.946128
PELEG5D24ZAYAHUJ,4832.168941
WATDYFQ559FZWRSQ,7743.266382
NKCECZPZ8WCCFGRV,460.078598
CAGE9YTNZV5B3WWZ,528.888577
NKCEAGXHYGDBWMWZ,3094.433227
CRTEHSS9JCJEZWCA,5684.273784
CBKEJ3AZMZGTQ9F5,922.901248
PCSE55G4YBUXMBJK,1238.811914
RNGEBKGHZFCSNZWZ,1581.012284
CNDEGVK2ZMCGSCEQ,9096.453893
ACBEHDUATE73ZUFF,2491.51634
NKCE5U69RBZRVJCQ,3058.112519
RNGEDAKAZRSRYN2X,6993.135833
PACE5Y8Y44TKZ7RM,3475.378657
MUGEACY8VKKQ6GJ4,2130.306889
TOPE6QGAWN9YDQWZ,6445.407818
BRAEBBYRWHYKY7CM,6962.689765
BRAECA2JWQJZFHUU,3149.574394
SNDEFGEAF4GRHHX8,590.593589
WATE9ZYZTKUEFFVG,8030.779711
SHIE7QCY6ZQSUF6E,5441.404259
WATED9T48YVSTAA5,3089.443724
SHIEB85ZA9EMJ4BZ,6467.776845
SHIEARR3DXE2SXRF,3704.527928
TOPEGHZ6VKKVGYNR,6080.401187
WATDXFGTFHHKPBNV,1256.48774
SRTEGWKKZNUYX7HW,8523.519765
SCREEMC7DYNN5YHF,4659.911736
WTBEJ9RTQQMB9VYE,3425.969919
NKCEAMDRQZKUXEYW,4732.397945
BWLEHTBPHRBSDEYF,9213.01749
CAGE5HVNTSEFWCW7,9888.301388
SHIE55GT7F6HYXDT,2922.206116
RTRD4D3EGBAYBG2C,759.751816
SHIE7MGDC6ECGFJ8,3569.143955
BRAEB2S8RRCWFJST,1000.17046
SNDEHZPDGAZBWJTM,781.237309
BRAE7SQFUBCGUCWT,581.449393
DREEGXZ2QN5ZKDGH,5774.042041
CRTECN2QUHW9VFFT,2692.169993
NKCE8VQHVG89RUY5,5874.54138
BALEGFWE2Z7GTDMS,3420.741733
TKPEJNDEFYSRZSXF,5628.436375
SHOEHYEAJCGEP5UQ,2327.869169
LTBEJGVNHVHPUZ9G,9518.294279
CAGE4GF7UWGZHN7J,2612.202919
NKCE4TV4VCFGY5UH,3705.396491
TWCEGJZKVYZHNE6Z,3885.511844
BRAEAZEFXHCKE3RG,6847.619697
FABE92NVWSKPDK8W,3709.089595
BRAE8UZGKMFVSG2B,6858.772184
NKCDZFJMRP2XBBTK,4155.53876
RTRDZ5PJTSHHXGME,7200.411299
NKCE7AGZESRQGFHG,2347.004148
CAGEBTJBTNGGDZQZ,4945.923675
MUGE6SYU8QAKS7UH,3663.382549
MUGEAGGKYUB8SYA5,3961.853652
WATDJTR979TAXJJZ,13760.243862
CRTECYY4ZHUZ6HNT,4903.32432
SUDEHYGUXGNXBNZM,6180.185882
CAGE3FX7XZGYHGRJ,2632.708311
NKCDWBPZ9PWWVGN2,2099.476488
NKCDXYFHNXGS6MSE,2779.053533
BRAE3TSHVMCW7NDZ,8005.193125
MUGE6S9YZ25CHZRN,2870.595459
PCSEBDFUMFZZQDJW,12482.712799
SGEEG7CR5YSTGTFT,4663.546708
CRTECN2QVKZ4P6VP,3776.425159
BRAEDSGBTTMMSZZM,3148.414036
SHIE6ZSBGF3GZZFF,2182.907037
PTPE62XBPSEHCQCR,8571.82997
WATEYUZXN2DHGZ36,8382.60759
SHOECK2FYYWUT4KM,4407.500791
ACCEDTNRJXYZHZZW,6454.397741
NKCE9336FXG94XTG,1807.295403
JUMEJCDRCWWKBQSX,10306.738548
WATDZ2ZQTPKQZEHG,7799.689616
TKPEGRKHT4832GFE,3634.904666
RTRDQZMJBWHZCXZT,12974.65388
CAGE6HYJGDZQXHQD,8591.512896
SHIE8VY9ZYWPUBWV,2487.045252
NKCEABYZYMNATYGH,5089.417106
RNGE4Z3DDZ3YAKSG,5949.962039
SHOEFZXRNYJKPPYG,4775.980016
RNGEAHG8GKFRK38B,5072.113339
NKCEA4CAMNKWVXTG,5405.303749
CRTECN2QT4YABNGQ,2949.621023
SNDECYKYTBUYUEPU,8492.774822
BBAEGGDCFERYAQHU,3099.485379
PCSEDE6ZNWQCXWDY,8099.668523
SNDEJH4DBHFK4N7B,4698.227264
SHIEAW8RHVJNER3B,3357.145209
SHOE9UDJKNVSDH72,4491.734776
NKCECZJQSWTUUGXK,3975.167173
BDSEJJCKFGYZR4GS,266.554663
ACCE8XZMKHTPSVFW,6638.726611
NKCECCMFZVWGAZXP,3643.975432
BRAEDUXKWHZFVQN7,1800.467179
BRAE8RSADX6YHAQT,6830.777328
CRTECN2QTVAGYNZ6,2262.115877
SNDEFKFNCHPREWPN,5909.299232
BRAE3TSHVWYHGGWH,8000.359182
BRAE8WYHNGG7ZXPM,2051.506249
TOPEHZNSDHHZDB4G,580.002259
CAGE773YKTNBTMMH,8503.711912
BRAE2NF6S8WKV2FE,1184.797699
WATDZ2ZQPXHZYQZJ,5585.237871
PCSEE4H5GPSUFGGX,2450.375232
CRTECN2QYG6SNGZE,2812.914118
PCSEAH5WAEHFFNDZ,9147.078635
TOPEDFTZPFYP7UZU,4353.958694
NKCE7VKYZ8PEGCG8,4863.021469
BRAEE6YMBUAGK2FH,4543.76594
SHIECKYBQQNHZFZD,2730.731758
PYJEGN9Q9NWSUYGB,8021.839136
PBXE5ZJZY2NC256B,2903.930414
PCSEAH5WEFMRTDEX,8905.577834
TSHEG57TG27P9EZM,3327.140175
BRAEGJFXUHYZPDWZ,7845.47482
SKTEC88WSNYJKWY7,634.212541
PTPE6GZRTJJCSURV,2925.401089
PACEARXTEE2R8CNT,2713.803936
LJGEYGHD2YPQHQGZ,4305.154168
SRTEH2FGBDJGX8FW,1577.551859
NKCEGGFGCKCZS72F,5986.331805
NKCE9AZMTYBWTAV3,4282.378982
BRAE5PKZGX8HNT8Z,5363.91399
CAGEBTGH3CHD9T4T,4643.73499
HRCEHF2CCUFD778C,5123.693238
DREEGSMKFEHFFYNV,6112.501505
DREEADCWZ6XFZCGJ,838.603319
PCSEC86WZXZPEEZB,8129.074362
SSSEHFZ34KRWYGSH,2428.641068
CLDE26U5N2TSHREG,5116.082583
CAGDTSJUFVMVP3XG,7191.76466
BRAEBB6TWYYGKYQC,2087.991883
PCSE76X4K44HZ5YY,6192.477
BRAE8TFHXNFSGZHZ,7899.615648
SGLEGBV4XF6GBWZS,2843.958073
CAGEBXZ4UGZU65ZV,907.899134
NKCDX3BHQDPKVJ9A,3387.768045
CRTECN2QUPXANVU9,3033.008071
FFLEGEXHXGFXZAXY,6812.759862
NKCE7HN9F746GK2E,14393.745567
ACCEAZCVU9RPHNFG,6396.366555
KTAEHE9KFWXNYHFD,2916.342212
CRTECN2QY2WRVENS,6783.701272
NKCEFP3J2FKVYFRG,318.872724
JCKE2HWFZD5HZRE5,6215.866406
BRAE2Z9VJ8B8FAD2,2016.594053
FABE92PZSEPSGZFK,371.572336
WATEYAP3B7Z2BSYV,7531.365565
ACCDXFAJ8NGKEQ5A,201.969329
CLDE9Y64GKDGAAUG,1785.449146
NKCDU4RZRKCZWYQH,865.758651
PSIEF4ATFU6QYETN,5300.991079
CLTEJ5ZZUZKHHYDK,7011.960867
JEAEGBX2FBDMZK2N,2233.881647
CRTECN2QTXCGYGNC,4579.349037
ACCE6FZPTNC3UGSG,2756.015403
PCSEE4H5KH5KUBA4,11707.304291
CTTEH9FYJFQMB8M9,6008.829606
BRAEBXRBXYDKYPKB,3045.441878
WATDQKYFVYKGPAKA,7297.078682
CRTECN2QSTZHJTKF,1459.527893
CLTEJ5ZZMTBYXWZQ,6083.340181
DREECRS5RGQZTYNE,4638.215152
DIAEJ8FGHZ3K86JU,686.925515
WATEHZN5BG4SUKBY,4497.453556
NKCECS3FSXUA56AU,10335.291108
SHIEBZ7UE4BXMK98,1680.392472
SMCEJV6XGQDBMGGQ,5377.83783
SHOE39Q6PDKHYY2F,498.132153
BRAE3TSHYTS4FCU4,8495.591
ACCE7ZK9GP3YCHBP,1708.617366
WATDWGAHG7AHMW6Y,3060.292514
SHIEASFWXZ6H28UY,5353.059723
BRAEDSGBPHRAHEMU,7742.00659
BRAE4ZWYGGWFKUM3,3870.535745
BAREGGF8NBTFWU4G,2481.54303
PTLEH3D3VTGUCQBK,2575.270905
BALEEZ2A4SWPXJU4,360.947063
CRTECN2QW62MTXAJ,2457.143023
TOPEDTKMHEGYN2GA,695.473332
WATEHZP5RHMMCBPZ,5991.68189
KRTECZHGC97Y3DGK,7929.317252
ACCE6DZCJZ3M2DAT,772.683182
NKCEBUPHUZM4BRWF,558.952346
ACCDSY8EYXYYYYVK,11430.720088
SHOE4HKYRFPHCJWX,3572.976297
DIAEEUAM8QXHB7BD,785.165277
PELEGNSQYKKHT2ZH,5475.66194
NKCECYNZ8HHZHY3N,4033.55152
BKPEGUJHJFYS4FCU,6130.86471
CRTECN2R6SGHFHGJ,5997.120399
DREECRS4FHNBDJHY,5753.696791
SHIE7BZ9XWCHEYPG,5527.17382
PBXED9Q2MZEQWXCP,10687.226454
CAGE5RNE4JVBXZBX,277.700599
WATDZDGRQBXTKHPW,5053.947865
NKCE3Y5PSKAJSBPY,6732.388002
BRAEE6KRWZZGZKHX,3778.469992
NKCDYQ3RC997MHB9,6977.063979
BRAEDXUVZPX2RVVP,2417.148279
NKCE8JMCMGCHCYDG,789.761432
SKTDDA4YREGBZDP3,6359.772371
CAGE9A68NZMEVPPE,10263.876707
BRAE6NZAQBHWZNMT,228.355195
BRAEAW9HUCVYHBHE,2879.96112
NKCEYM3BHZHMYT7Q,4259.672934
MUGEACY8ZBCGS2ZF,3851.578739
PBXECUFGDMEZWMYB,625.907983
ACCDX8ZUEWUKFHHQ,1560.819462
RNGE7GVYZGVHDS2V,10406.169538
RNGDTBQUJUCRDTCK,4472.6925
PCSDY5AHHQSXZARH,842.171917
PBXEAZ85KCZED6ST,2779.206578
NKCE8HSQEKWFAUYS,233.227967
SFFEGEZCEJRG9HVF,4058.633725
JEAEGWYDZYDRGXQF,3814.102184
BRAE8TFH9J4PHP2Q,4467.828012
BRAEB5BUYYSV9TEQ,1878.80521
AIREBB9APEFZYSFB,8197.073516
SUIEHFNUU3BDCGZN,695.986928
WATE9M3RRRKZK4FD,622.356243
BRAEGJFXBGRJKXPN,7323.974524
SNDEDF6WMSQJEGFN,7603.257715
TSHEGG9KQHGQEZXS,5372.840956
TIEEHZDEDRUH6NMB,3028.145684
BRAE9C3MZZ7SKKSH,7750.930409
CRTECN2QYAWB9FPE,3130.764714
NKCE8T78YZYEQYDD,3154.915554
RTRD7XKFDBPBR6CV,635.257616
BBCDPFZM6V585ZZE,306.199934
PCSE5VQ3FBAPKERB,6896.831765
BRAEBADVVRBUXZGN,5650.817514
NKCECB9KEYRV2SU2,3585.542193
SHIE9GH8DZF3APB9,4875.696291
BRAEBXRB322WRYZF,9775.527342
RNGEDAKEZXMAXYKB,9052.849962
MUGEAGGKDCJHRYBY,853.591424
NLPEJUMTYT8BP983,580.549095
BRAEARZHZF7HFYM6,2011.968192
ACCE3YFFQY82H72D,7902.562878
NKCE5TFVTYJC6VMW,6620.287822
RNGE96Y3FNJ4TVSA,9516.455644
CRTECN2QTGFWHYBY,3451.75848
SNDE3SNFMHARS463,1073.205736
PCSEC86VYYXG23ZB,9827.959872
TKPEG6PZEBEYFB2M,12664.627442
PCSEC86V2P4M3TXC,8711.442424
PSRD7NKJGFMGAZQG,5237.034939
SGLEJJA6TVC2KYUH,613.881109
BRAE8WYHNJ2B2ZEJ,4009.155556
PBXE6P4FHJJCQZXZ,5735.246988
BRAE3TSHZGWGT6WP,6494.035589
WATEHZP3ZA9YT99G,615.551141
BRAEE4H4XNG34W5Q,3583.58903
CRTECN2QZSZMM3YJ,1720.969488
ACCDXFPFH66QGGR2,18144.100453
TOPE89Q4SYQXFGXF,3425.573908
NKCEBMDCUWFNR7ZC,1641.247986
NKCE9AZM5ZMSFXSX,3871.32749
ETHEGYSVEZSH5HUG,4043.72702
CAGEBTJBAQKZUVQD,8618.33472
RNGE7M92H9QHRKEX,9925.67024
CAGEAFDBEJY56XSE,519.173457
HKHE5QUYGQAWURCP,4108.392697
PCSE4V8HN6NGMFBH,8965.506873
WATE8E8PMU6ZRZGZ,488.541565
SNDE2RXYKZZAMNGT,752.275309
ACCDXFA6DYGMS3FZ,5826.340203
ACCE6DZCAGSQEW3B,7988.226115
BRAEDQEDVTAKHTX7,1332.785666
TOPEBYXVCYTBF6MX,5996.63677
PEAEETEJMJZ75EVG,300.526048
CAGEBXX7YEQZQQ2J,962.673168
BRADM8DWS52HEGJV,5876.186341
SFFEGJZQHKNFMPG6,2147.00367
TOPE45NZFFUDHKZR,5440.376306
PCSDY5AFQE42NNTK,2236.06771
NKCEANMPRRRUSPZE,2984.977765
SNDEFV8ZSKGTFAAC,4305.54781
NKCE88AHMVQHFZHU,893.344803
CAGE6FYKGSNJWBG8,1207.7361
BRAE9WYKVTCZYNUB,817.123397
CAGE7CZR6ZD9RT3K,9234.504374
CAGE22EEX2HKGXFQ,4110.031878
JCKEG4AKNM3HP3MG,4864.534743
CRTEA7HANRC9HYK3,10335.750555
MPLEJEG8SDGZ4GGP,1182.927927
ACCDX8ZTH89YR2ZF,1863.889787
CMTEJQYQEU2GBD2V,4297.381854
TOPEYY5YQGGRWGGZ,5220.300211
TOPEG3ZFYPPG9HZM,5293.432144
NKCEYTXEPHXSXDKM,4094.82212
ACCE6TJTBHE6YHDJ,2383.404516
SUDEHYGUSSZGDBRQ,9671.905532
PCSEAH5W6GBGTD9Z,894.678824
ACBECFGT74DBRJRT,2559.183504
PBXE8WPTPZSCW8UP,3175.318031
NKCEC86VG3DP9ZGQ,2062.916788
NKCDYRHGGJUVZ7WC,1110.101123
TOPECUYTF7XTXND3,2645.613988
ACCEGF6WWRAUMRPT,615.614846
MUGEBFGF4ZDPGTZZ,4245.332405
MUGEB7J7GPWUH6Q5,843.899032
NKCE7MBRTAZB2DB5,9157.072137
BRAE8VUUYMWAYSCK,7714.911884
BRAE5F3KHPGUMPCW,5687.050864
NKCE69P8JR2ENBAG,2425.222054
MUGEBJ7XHN9UYUH9,4244.56816
SNDEGGQ2QZ2HMFYB,6572.255703
BRAE7YF6E3PH9JGW,5328.994735
NKCDYPDSFAFRAQ9T,6949.700452
NKCEBZNZXXAKBVMW,3034.720743
SGLEJFM3XXXGKXDA,899.564978
SHOEJGFU7RXZXFEM,3504.584555
BRAE9G83CUBM56TA,5866.946318
PBXE9GF9XZTGMCRG,401.398296
SHIEFFFPVBQK6GBH,8541.689829
CRTECN2QZ3XEUPTT,572.942288
MUGEACY8NCCXXWJZ,258.177121
BATEGR3ZHKPGMHXD,5843.827439
NKCEA4CAU4WH8RKF,3384.910588
ECOEH4BXGVMBYEMG,1893.263019
SHIEBFXDQYHQAUQF,6081.424488
BRAEFR6J5FJ4FUZY,5358.76601
NKCEAPCVJKG8J283,2801.784471
NKCE4VA4M2ZKZGUY,7743.795898
TSHEGZKMZYGHZPRV,6155.174683
TOPEBWGFN8MFKKKE,3508.23718
PCSEAH5WHJCJWVQE,5494.669753
BRAE6AV3FZNGNTXH,2058.828511
TUNEB7FU74F3UGVH,17607.34859
RNGE7M92BFXHH5VT,1603.765183
CRTECN2QYSAMMGRW,1427.410371
PCSE4TF4DYGDKZCT,7765.321824
BRAEE6YMRVXF3HNV,7904.030527
BRAEBCY3WXYZEGBU,5311.086785
JWSE6GH6HKQFXTTD,5154.115786
HSAEH6FCCGM7HKUQ,4629.977234
BRAEBBYRCKVHHG7Q,5152.727784
SHOEAPT3RUN6RAJ2,440.297591
CAGE9ABAGXS3WZDB,5329.170248
RNGE65FGMRNRDSNH,7931.989645
CAGE22EETSQPZKZA,8809.025715
PCSEDPHM4G7WAYBA,9887.150534
RTRE2TYNWTGTPE8D,2749.101079
PTSE4ZHEZTF7UYNK,9405.296723
SCHE7YGX8SSZCHA2,678.578758
WATE6S3AZNHMPTJA,8454.428807
SHIEY6KFSWWZVUVT,4286.925436
CRTEA7HAC5HFBYGY,2686.933639
SHOECK2F25ZZS6GG,4233.341193
SHIEHZSPHYJF494X,5394.724351
BRAE77MQQGG9VQVK,1801.994706
BRAEBHDVYFH5AWYH,7039.755602
CAGE5GE5YRY2YNDV,2243.821899
BEOEGXRWE4NDBJNV,6182.129725
RTRDNGVMCGNCTWUU,5640.18406
GOGEHZ5P5XDZ2UZF,4513.680399
SHIE7MGDAS5B4JEY,3757.366273
CTTEH9FUH3GKT3TF,2863.653799
TMLECXEQ9PJUZGTY,9481.748632
PELEGNVBZXXXKDNZ,1223.287924
SHOEFSE2WAFKZFHX,5137.869817
TSHEHU5RBAFXVFHK,5373.809005
FSEEHAGGGFHQJKWB,10607.540586
SWSEDXEYKZKKEMSC,8066.668574
NKCE2MBFEMAJTEBD,2111.177914
WATE8GDGPNKRTURP,799.570494
WATEB2FZUMQU4W7R,986.339467
BRAE4YXVJ86CZF6F,1754.48333
KECEGTXHVYW47ZZD,3191.797519
PCSEAKVBYGBZXKNS,8258.57264
NKCE5QSZPBG9THXZ,3750.151768
NKCE6SR4GUG326DS,1404.923867
CAGE9ABAFWTJFGVY,590.147134
SHIE4T77GMCNHFBC,1950.604344
PBXEACG2FBGPQKWG,3253.118455
BRAEDSKC3YRYJZCR,4003.758925
PBXEAGTNVHGQT75S,12512.600682
TOPEBTGCPSWPYGRM,8119.800243
ACCDQDYBQZPEEXTY,17918.101164
WATEBSZUTGAQBCFN,788.624184
CAGE9ZGYNRZCKNEF,6434.612356
SWTEFZCKAC4MABVZ,5582.448214
RNGE87FCF5VXWTKH,4949.338219
LJGEG57EHMYZQDZU,811.642641
SHOE6VH5FY6TXG62,1933.226052
CBREGH79HVGFZQYW,6524.349006
ACCDWGG3HSCGUN9V,4673.119621
PTGEGUPYWSZFTDCB,4936.771751
SHIEERWHHPMWHPWB,6282.904568
SOCEGGZ8MHX79YGA,1565.071483
NKCECQYZXR4K76BH,9894.464134
WCKE2TFYGMCEPV5G,3592.797914
JEAEG7CFYNZDJEVD,1057.39117
TOPECY77GYMZDRGX,3598.948873
RNGE5GSJTGW5V9CQ,14632.693977
NKCE49ATDNH39ZYR,10893.136339
WATDSV3UMUNAXURA,10032.607715
BRAEDFYYZUQJBTEH,4724.956701
JEAEGF6NVGBFHSHH,4732.574164
NKCDSCF3GCSWCNMP,12954.148626
ACBEHDUBQHXTPAVK,3197.525967
NKCDSCF369WABYU2,12694.191857
BRAEB2ZTUJJFFQTE,5228.544526
BRAEDQFRTQFYPJ2Y,3328.448705
TOPE8Y6THTGRDF9D,3154.179677
TOPECAE3JJMVYJFF,4575.735386
NKCE5DGMUGHTVMW5,2617.444416
BBAE9ZSFDZ5JEFGA,6013.037019
NKCEYYX9FZWBEGQF,3676.070705
TSHEGHHU6C28JJUH,6727.107542
MNGEJHG7AVRHC8VF,7007.758499
CRTECN2QYV9WPJUC,4295.228916
AIRE98PZQXREURYP,5004.77551
BRAECFARH6PZ4J4W,3013.384518
SRTEHXSHU8DXFRYM,4598.551833
RNGE7GVYGYRGX5VT,6520.839415
TSHEEDY3HY3Y2HAM,2424.074983
ACCE5HSSFHVYZFGH,3449.646062
KRTEBKQJFWMZHRRF,10447.742901
NKCEC8AC6XFX5NGF,1937.454999
RTRDGGQ754BDWH7U,2263.240523
BLAEEH2ZH8PNRD6M,7583.44024
NKCEAGXHHF2ZFZEZ,4326.430987
PBXEBKWJEADHCZVN,3340.89043
ACCEGZ66PXG5AHHJ,5212.830915
RNGEH4G46M4DTFSM,3679.749312
KLSEGUGFRDBSSEDM,1033.598778
NKCE7KY4YRMECRVN,3341.842048
NKCE6ADEKEGUHPCP,4095.55048
BRAEDSGQ92HDFACZ,6346.693035
WATEHZZXEGZEZZBQ,3305.167932
NKCE7MMG4PWWHFM7,2663.466952
NKCE9Q93GVK3B8MZ,792.94299
SFFEGZBWFGFTGYY9,7186.018363
ACCEHR4HMGHFRQAC,2780.443187
NKCE2RPCBRZFJZZM,631.882016
CRTECUWZXMV2YZ9G,2598.172855
RNGE9GWQJSAAFF48,10344.008539
WATDXFGTP3FEMGEH,12260.788684
TOPE5WX3KMNXGUGM,5536.76911
CRTECN2QZFVWZMTY,1596.111175
WATE26J7Z9MEZZKH,15538.332613
NKCE5EF4H8C5MCGD,2118.471774
TWTEHH2BCWXHVTHF,3568.679694
MATEHF3PGYP4ZDPB,9109.348275
PCSEAKVBHWNWCHGU,6250.359423
NKCDRDWASY2HY4V8,9034.777417
PCSEAH5WDKWZZ2AU,5868.375367
SKIEG6VFMGKXVBDQ,5627.969305
TMKEGWTM9RBGGFM4,4696.839194
TOPEHFGNNEE2ZGBU,13725.18522
WATDYFQ5UHW3SK4N,9117.139188
NKCDU4RZDXGZHGGA,3963.621469
RTRDVFAPZMNA8CHC,737.480196
MUGEBFGY3HVWBKY4,5394.949497
ACCEGYPF35GBXNGB,434.068781
CAGED6GK44DCXKZM,4737.484302
NKCE88AHRCD7KNQT,6441.664434
BRAE6ZCHAQFRYMQY,1485.990493
CRTECN2QUZSRCEN4,3860.578172
PTPE7JZCBGGKPSGS,3757.021064
WATEHXGUJCYK88TF,1007.006074
SHOEDP7ZGYFKGWNH,854.737698
DRPEHYHMFE6G3XZG,4398.543466
WATE2FAHSMPK4TPR,4785.323093
NKCE9ZGXYYRZTXZS,9801.781924
NKCEANMPGYRNMZJP,3698.04312
BRAE2NF6XGU42KGQ,4932.111004
SHOEFPMKKVP2SVZD,5192.980398
WATEHYHPZSDEGFBT,4303.937067
ACCEAZCVBHKKDVMZ,6323.043247
SHIE4THTCWNHTZXM,5248.165861
BRAEBXRBCCJAF72G,1055.646361
WATEHZZSSCU4YXYG,2919.448934
VLBEHHW6ZWDUZNAJ,5494.637847
KTAEHE9KFCMVVSBN,3664.920078
SNDE9HRW9ZVPG9A6,8322.650569
PCSE4A2ZBHGAVCDF,1210.253519
SHOE4UC3MJZF3VFJ,4580.873737
JWSE9CZDPATTCRX7,7646.22042
TOPE8YMASZEUXPRY,5177.798456
ACCE8WYMVWNXBBAH,3953.063193
JWSEBCY4HHXYGZJG,6045.910415
NKCEDFNHMTWNTVHA,2163.762296
TOPEHZNZ9YZYYAPU,2937.428777
RNGEDAK2HFRD72HE,5580.241112
SLIEGXZYZTTSZD9C,4196.218849
NKCEDCT9X6VHCF37,2324.086067
PTPEAT32YEZ7G4BB,4301.390271
CAGDU85YYWZHHNGT,3738.00864
BRAEGJFX7PSVECHP,4931.647544
BRAEBG4DCHJMRYZZ,6946.673913
RNGE864HQQUYJQHB,5343.551521
PCSEC86VHTYFJHUW,7174.207377
SHOEBYZGZ682N4K2,2557.430393
BRAEDX66GWPY6KJ9,5489.544747
TOPDXQWEF87REHYJ,5526.670699
NKCECZG4URZY9DZ5,3483.063777
TKPEH9F5BQTQAMSC,6539.074344
WATDZ5HGF5UXGZVG,9570.427071
BRAEBBYRYTEEDDA9,10280.511089
NKCEAFM7PNFKNZSH,4005.627281
TOPE3NVYKBXFRYSG,4899.584828
NKCECGVAMX6ZGEVH,2398.252975
DREEBAQ9YMYF2Y3N,4857.923842
MUGEACY8EVX5VAMD,4402.502426
CRTECN2QSZFWPZFY,3742.354564
WATEYAP3GD6VYR5U,8205.300354
RNCEGE7HZZRPMSRF,542.830305
ACCDQDYBNKEVMMCU,6407.508163
PCSDY5AFFB4EXAX6,11853.486187
NKCE9G2BHRUF9TWB,4713.40057
BRAE8TFHZJ6A2FFZ,2276.13526
CSOE7JP6ZHUG9HZR,3533.739832
JEAEHYZMPCBH3HCZ,4010.9519
FABEAJUHKKTRCNQX,2762.880653
JEAEGFMQSBYX5M4A,7262.310982
NKCE9YFCMXP7QXRN,6442.237481
NKCE9TBYPBNJYZRS,277.271582
ACCEDNXYRZWBPFDF,8416.204632
SHOEHXFAMFH3PDHY,3829.060909
PACEB2XUZJWEY8BH,4680.319438
NKCE6XU6USJZXSB8,11628.338099
SWSEHTRZKX3HZCMJ,4107.135859
PCSEC86V2Q6P7PAB,6043.599452
NKCE6GJ5GD7KR8KZ,490.980554
CRTECN2QUAQVZREG,3243.413059
CPCEJCCPYGHSTWTF,5214.786222
NKCEBBEYX8NWRXHA,3784.712573
BRAEBBMQWK9K65UU,2030.095327
CPCEH2BTGUYS5XJB,4250.110732
WATE3FAXGFHMASYX,2910.019873
NKCEB98T6AZZCH8H,7053.03932
RNGE7M92NWJJEHDD,6285.53647
RNGE8URWFPRT4QZ3,7152.254991
DREEFFG5PA6AVFH9,5480.540502
DREEGNWGSHTUKCZM,7750.027264
LJGEJ3G6J6Y4UUH8,6039.120403
NKCECZFZNVGGSVBT,5447.451409
ACCEGZ6BDHTWARMS,438.883102
TOPEDFACGQGAAAST,4220.124254
NKCDU4RZCR2FGCCU,3499.385194
SHIEBQF6VHTX2HYZ,5887.36615
PCSE9Q6VCVMWRAPN,377.398525
PBXE9A6DECDDMJHH,907.989039
SFFEG7FXSSCPUMFQ,575.872747
NKCEDCT9Y2YDXE7H,5893.71537
NKCEBMDCG3PEZTHX,11820.322095
CAGE53FSJHRA3SKZ,3861.386678
SNDEE5FM7FEKDRKR,3819.741207
CRTECN2QWM2RYWZ6,2829.045681
CPCEJMKVMKTJ3WHM,5652.996796
RNGEDAPTVZZTHMY4,5696.110638
TWTEHH2BXEHVZD7E,4478.389373
SHOEGAJFAU2N5RUR,6285.475566
TROEJF3VVVJHAGBJ,6631.122475
BRAECKHYM8BYAKHR,6622.170383
NKCEBGJZEMQ4FK2F,1733.442528
SHIE93F2DYWFVQNG,2302.865721
ACCEAZCVJZFACTYS,1565.141485
CAGE4BQYUXBFXZVF,6796.094866
CPCEJMM7HWCNNGBR,4341.632159
NKCEAVZ3KGJFW6FS,11304.759215
CCVE3Q2TBZRQYZSZ,648.383492
TFHECYGAREJ2ACWS,5113.54073
CRTECN2QTH5UTZFQ,1364.655902
NKCECXEAF6GMGJTF,6213.675446
CRTECN2RFMUGEFRZ,2607.172126
NKCE8HVPHGWPPMQJ,2887.465234
MDYEHDH9HMZPANGJ,10043.708412
NKCEBFWTSPVWSGXF,778.207932
SKIEG49YYDQ2QDKM,12163.274626
NKCECZMAXJZH6XJY,8603.352066
WRSEGHG9XGHVRSJR,7297.836503
NKCE9G2BYZGJGASJ,3990.723876
HRCEGVM3ENRZXEPB,7837.917271
NKCEBGPNHGQFQWSU,4188.454955
NKCE9YFBD4MBHHWZ,6011.428834
CAGE4Y4FZ7H9JZTB,425.663328
MUGEGZUNY75RZUNG,1713.38072
KRTE5RNER2AGFGCV,2392.973265
CDSEG6ANKKXHFEVX,829.871252
SGLEGBV6ZYCNDR8F,5952.057367
CRTECN2QXZCWFWHR,3579.052464
ACCEAZCVWMCUN6MZ,1005.317672
KTAEHE9K8CQJMQCV,2737.748046
PBXEACG29J4ZFS5Y,3202.396047
PTLEHK3XF6HH8ENC,1110.966919
RTRD3849TERR75YB,264.522591
BOTEEMN6NM57HSBU,2641.296917
PBXEB34ZWNXHWUGV,437.634933
NKCE38HCHH7XVHZ7,763.078742
WATECGG4W76YEBUB,4614.086917
KTAEGX2WM2MBUSHJ,5815.412225
CRTECN2QZZACHGYQ,2379.96928
RNGDVVYB6RGSAWRZ,4171.216032
TSHEHU5RKERGP5SG,4970.30481
MUGE8S9KB8DUER6P,4295.081869
BDGEGEGDXYHYAJQN,6513.759503
BRAEAZEFXGVCTJJN,7317.837874
ACCDQDYBZEQG6HPZ,8100.211421
CAGE6FYKT4NSENUS,4469.630058
LBXEHYZYWMMQA6HT,5849.85808
SHTEDWTVCEUBHNJN,8289.543263
RAQDCNWAGART9UVZ,3418.225932
SRTEGYXHGCTXUBD2,6800.164996
NKCDYRHGDS3PFHWZ,2014.558094
RNGE86J7FRTSQWCR,5842.679673
CRTEA7HARUAWC7VG,2806.945776
PCSE4SFFZWMNJCAG,14707.031933
KRTECQSNY3GFESAZ,1165.976824
CRTECN2QU6HG98UZ,2942.12493
CTPEGGFSTGPEZEUZ,5451.630365
BRAECKHXH8BU3HBY,7200.78121
BRAEE6YMMWFFJNB9,1168.191342
JUMEJB3YYZM5HSPR,566.980263
SHODYGFWEWCG6S88,4068.058067
SNDEDKKXMX8ZGVQR,5878.019087
PTPEY6JZGMWZF8H3,6023.710879
TOPEH3KTNUUZHJEZ,3384.944752
VPAEHT6TNFR6FWTQ,848.636965
CAGDUNH36EAX85G8,5233.521073
ACBECFGT5ZWMXAVZ,9220.005392
NKCE4CSZWA3EAF7G,525.346129
BRAE5RZ6UGSFD9HE,1014.975342
MUGEB7J7SPWJTRDC,1948.421837
PTPEFMKUTCGZB5G5,3104.330614
CAIEGP4YSZ4GNUV4,4168.855799
NKCDWBPZGZW7X3MH,4848.182608
SWSEH99SSMHCNFQ9,480.358895
SPWEJ8JHFG9PTDUF,812.636725
HMBE7G34Z5CGHWYV,1154.025619
CAGDTN27DEWJYUHK,825.335991
SHOEYVXVYAVXACCW,3082.854911
MUGEACY8CDCZTUMD,3237.497395
ACCEJR2FXPFFX5H3,6025.310993
NKCE5MEFYG3PUGXK,2877.162648
ACCEGZ66Z3SSJEGS,936.130713
OTYEHQ3FPHGKV36X,3849.627676
RNGEDAK8ZDN2J4FC,1328.860615
DREE74XGZFU3T8TH,3072.523148
CAGE6GQCCDSWABFT,4146.425681
SNDEDGBMM8UGED7W,2269.908913
NKCEDCT93M9UCFF4,3474.017734
BRAEBYMGFCDFCEJX,1105.129943
CRTECN2QTARWPXSU,4510.239896
PBXEDDEFV2FSNH4S,17325.731649
VESEGZRRFGMV9JRD,4353.259523
BBAEBSGBZHAAQNSZ,4562.084574
NKCEAFA9TT2YCXGF,665.948616
ACCEGYP2U9GYXRBX,4056.436238
NKCEYUVRC28U5CEK,6392.773334
SHIE9HH3AFF2GXZD,4377.125932
NKCE73V3N6ZSSGKT,1265.623197
ETHEJG9FWZ7NZ3GK,6789.894114
CRTECN2QWA68UMF7,4623.427766
DRPEHYHKJX3VJS4H,4337.941017
NKCECFGDJGFGXYK3,356.317146
KTAEHETWZZ5KEAT9,766.850487
CAGEBTJBTZ9HK4AU,1168.466674
NKCECKHYH64EPAVZ,3677.68016
NKCE9PFFUGQPHF3C,8021.623747
BRAEDSGQVKFWUWVQ,8173.946087
ACCE8XZMD6J8HBY3,6548.352208
MUGEAGGKUQE2HYPZ,2222.884723
NKCE6GKJTFMH5P4N,3389.486042
NKCE9PFFZCSSMMYC,5029.289412
NKCE9G2BZYKFA4UQ,3215.086559
BRAE6ZCKBUYE9PTV,1953.345903
DREE4DF4AD9ZZHEX,1047.911248
NKCEAY3RNC2QTZXR,1395.402279
RTRDRDPR9JHCSBGH,6965.500282
PCSE4FKCZ23EPQFS,8061.220759
PBXEBJ4N3HJZ7R3G,3059.382771
LJGEJQ4MHZZTHGPQ,4244.638853
DRPEHYHGNAF5UYUQ,4495.095083
BRAECVGYZGZT5VU5,2108.301943
NKCE7MMGPQTPZZ4H,2578.878418
TOPEYZ3FCMTYGPVF,5608.873033
CAGDU85YG8UZE7MX,1913.873186
BRAE3TSHZWSBH2UD,4757.882836
RTRD6FYY7B26SHXC,530.091129
WATDGFAQCFCVSJPA,8566.546478
TSHEHU5RZMHH3AHV,5237.514855
HMBE7G33NPATJGH5,1096.634977
BRAE9RDQHWKAKP3V,7421.607965
BRAECTFYJJNYCY3X,7096.850695
PBXEC8ASYZ7YS7EZ,574.716358
TOPE45NZKEMCDZXX,1604.383319
SHOE2FQCMD3TAYMF,3550.971065
BRAECZZTSHGQZXDB,3586.003583
NKCE9PFFKH97YNZH,4570.821579
NKCECGT3NM7QF8WE,6953.500812
CRTECYY4GWBEETBG,2584.272855
NKCEC8ANGCPBJRZ8,718.516081
BRAE8JUGDZBU9VR7,7469.169466
NKCEBUPHRGF95VC7,1796.627634
CAGE68FFZ2ZWZVHQ,456.505271
WATE2FAH5NM8VY5A,8864.426675
SHIEHXZEFKZK3FSS,704.73546
BRAE6YVWZ6KH2ZBQ,2990.801317
NKCEF9GTBBTUSVTS,9002.694152
BRAE3TSHYRVTD8GA,5773.255165
TOPE4VR5DXAHVAG8,4293.395462
NKCE5YA94NVQ6TQ2,468.84332
TWCEJFXHKFKVGPV7,6898.94827
SHOEAVPFUVHJJRHT,2504.063582
RAQDEHGUB5VZTC8H,3248.410801
SHIEBZB4D4GDYYRS,4326.976943
NKCDY44FCVDHFMHM,930.5935
AIREFFFUHNZVZQVR,6192.64372
BRAECKHYRHKCKCKK,8003.331594
RTRDZBJ5GRMDUZ8H,660.123775
RTREBTANEFURUPYE,6871.712271
NKCE7ZNGGKGZKEYG,357.794608
NKCEAKKRNRCZZDV3,4906.250127
FABE92NVEAZSZ5ZP,4467.318336
NKCE9QTMY3BFZCQD,3071.463258
LJGE9TGN9YHYZEEF,4296.121849
WATDNJVHHKXKVRGF,1568.135418
CSPEF6X75KQDJNF2,2276.987011
NKCE4VA49YHSX6KW,8225.418989
POSEJUA75X5VGPAJ,7526.496294
PBXEA92SYTPCDYMB,428.14141
NKCE3KVS9DFHXFPH,3621.726017
MUGEBFGY49MKHHRT,2942.191264
HACEGPF9FDKV3EPK,5342.639571
TUNE6BCYWTRKGGKA,8926.760857
PCSEB3FAUUWKEPEF,8194.471948
NKCDU4RZ2GGYUJGM,899.358609
TOPE8N3AF8HQ4GYA,6135.235416
PBXEAFRYZSFHZ2CP,1043.302248
CAGE9ABAQS8WKHHY,466.463699
CRTEJUA3CYHVYNHD,5798.756398
PCSE4V8GWTGYMVFY,6202.599208
VASEG3YYGEKHXWN6,3774.723804
JEAEGGED6PZQCGTQ,2153.203254
SNDECRS4R3DV9QXU,6458.734213
PBXDT4FTQGZGVCNC,2704.852726
BRAE6AV3ZZQHKDCN,7736.978722
CAGE8PKGBKNCYKJK,842.221785
CSOE2V29ZTH5A3QU,3937.982052
BRAEAW9HSZNM5URR,1003.104184
BBAEGGYMPH6QYBFF,4049.878
WATEHYVPGMHURTKG,3115.560262
PCSDY5AFGFAQNCY9,1282.391139
JCKEEAEZMGBEXQFK,5097.630126
WATEYAP3S3TD5EMR,10007.997415
SHIE8M9PWUF5H4SF,6897.969513
LPBEJGFEZNV23SVG,1708.425581
PTPDXN7BGMQBZUTA,2846.617352
PAEE7ZWAGCXEKY8B,7702.23191
CRTECN2QZHEJ6WJC,3380.424184
FABE92NVZGEQ4HY8,2236.008514
RNGEDAKEG2DV5Y5D,5952.271676
JEAEGEFMHBQGU5NF,2067.279735
NKCEAY3RKEPGNWWV,3663.907871
BRAECKHYUPMRFRTZ,865.953308
PELEGTPGEMCWUGS8,4107.996027
LINEAVE2XKZNANN3,2920.757603
RTRDNGVMAKRQKH7Y,3169.154809
NKCEFG3D8UWFGKGE,2693.180427
CRTECN2QVUET9PQ8,3122.519925
JWSE346HBDCSUGR6,4775.399576
BRAEA2E7XHZHG2AG,1646.879228
PTPE2SSXSTFH6HYY,4833.917862
BLBEJR22ZT2WUKBZ,8683.161946
MUGEBFGFRPNWGQTD,1413.773083
PCSEDP3UF6EYPZZX,486.479366
ACCEGUY72CYWXAEW,4741.319823
MUGEACY8HGXBNPB7,4071.459817
NKCE5VAAU2Y7ZW2Q,784.543741
NKCED53EQTZ6R4WQ,2673.397014
PCSDY5AFPWQBABVU,8017.988753
WTDEDGHHGDEPSSRR,17601.343122
SHOEHEP5EWSGZ7XA,3559.636048
RTRECEYMHGP3JXFV,10538.859457
PSUEJA2HRBPYHA6K,2561.948098
TSHEDF3HADCJKGWD,3951.185728
NKCECGT3BZDXZ3ZH,272.438025
SNDE85CH2PN36BUZ,8351.645669
SHOEFVT74G5BYHDY,811.894634
RTRDA4U7UE3Z7UMB,521.435902
NKCED6EXGZZKTGD7,3649.977269
PCSEAHJCVPRUPVHX,2381.874874
NKCDZFFRZEEMHAFJ,3165.186408
CRTECN2QVVTNPXXN,1466.465772
NKCDSCF3HNMXRCF4,5961.846619
NKCE8JXSHFBBQDKY,3355.810687
SHOEF9G8CVWHRH5M,490.086403
CAGE2MACSYZCWHFG,293.854555
TSHEJT2R2XQJN8D7,6935.338779
PCSE6SJGQCXQGC6G,7055.24064
PLLEHQUGEB6D5FCX,4417.404716
RNGE7W8T7MYQQEFR,1295.838621
NKCE96SXDYMGSFBR,1158.11054
BRAE3TSHYGDRV2UC,1327.672361
FABEJX2NHNKCYHKA,536.852712
BEMEGFHSMHZYNZB8,7451.003085
WCKE2TFF4ZYGXUMH,834.886038
BRAEDZ9GVZHWZ5BG,7901.259217
RNGEH3F2FAPU3TAG,2137.582311
CRTECN2QTPZCMCQD,1555.191862
HACEJQ7HRGNBYCEH,4189.987105
CRTECN2QZMHEU2J3,6853.978518
DKOEAWE2SCYPC5AW,7682.994426
ARPEE3YX9Z4QGJ86,2461.748699
JCKEJNH2AZGKWGZC,4732.753225
BRFEFY5BN9VHU27H,1592.120723
BRAECKHZWAGBVZXH,2956.466381
NKCE9HF3TENMYXZY,2960.68108
PCSE4SFFJSWJZVH4,5570.383439
NKCEBHGBFEVC2ABB,6026.86327
MUGE7DUFEC3VUZMF,5555.319757
GRKEG4UVAZTGYWRB,3727.005379
TOPE4ZKTSBAEXGFR,3930.903928
PBXEAP3SWFZRHZ6G,763.087857
NKCEB5BVMYFMHAQH,1441.667321
NKCE3HG8FDBHK5GX,3579.270803
SHIE8WYNYRHSFCRR,2697.359472
NKCDSCF3QD5EGFJ2,4594.209658
TKPEG27A7Z6JWK6Y,5789.717404
CAGEYFZW7F56GWZP,555.021851
FCTEJXGUNGMHANE2,8254.859225
SHIECYFWJWCCHHQS,2362.450745
RTRD6FYYUQZJBY6F,4216.578989
PACEB2XNEBZTJZZG,2099.167547
SHOE2GUHSZRGGZYY,4882.159016
ACCED55XRZT9N2HH,845.097441
TOPEGVHJECVFBRMF,4835.33282
DRPEHYHN3MYJDGGM,626.142326
RNGDXNG3HGFQXGAH,925.501347
SHIED9AKUTQZQ5ZK,3801.159275
CRTECN2QST3Z947Z,3849.303431
RNGDWKZMKNTUBPSF,3804.059539
DREEJY2NVHFG6GCB,2338.35626
SHTE37DQJWSQ4VGH,5470.400936
NKCE9ABEYD53HSVG,5176.664722
JEAEHUHKMA8EGUUU,1618.68896
SNDEHZPDGB2ZT8ZY,4145.579881
CLTEGMUMJTPY4RMG,5081.97261
BBAEGJFQZTGFHJHD,6848.249194
TOPEEERRTBB77BXA,5585.345896
NKCDWBPZQANZRF5M,3697.925034
PCSECV3FSSB22FGE,6433.598605
NKCE6WR3ZWHWKEPQ,2097.243358
MUGEAGGKQM37W42E,3807.616654
SGLEGBV4QFHTNHE2,5011.017261
LFHDQAZP4FHGGZEM,6079.241198
CLTEJQ8FTCZAEPNG,5446.301676
NKCE6XU6DAWYHWQP,946.739263
TOPEBN32XAZ62CTR,3159.986767
NKCEANMPATURDMHV,713.117947
PCSE6X3YCSZEG67R,18191.05994
BRAE4DHZDPMTFZHC,7297.550164
HAREGG26GDJWFYMF,680.107189
BRAE3TSHWZREUJAC,2094.246874
USGEJPQHZHYZQHBU,6077.065284
WSCEJTDHY9UHKP5K,9373.431779
SHKEGNS9TWHJAN6Q,4404.899254
SHIE3FHYRRQGFFXN,4297.370526
SCHE4YSTYDQBDYQF,3284.455213
SHIEFFFPDETWTWZR,3041.286078
ACCEAZCVPTGEGVMR,7321.074948
SGLEGBV7VGZM7BFR,12594.956883
CAGE7BZ56MVQGKAB,2035.233132
NKCECG6ZH5MJT4B9,2636.487782
RTRDZBJ5FZSU4AYZ,4468.527237
TROEG3VYGVSB9F5H,4382.965388
SHOEHXFAM2NDZBHW,3644.43503
BRAEBBMQY9VZRC7G,6859.91386
PYJEH93NGYCXNNFK,546.383882
SHIE6ZSBHCNYY2CP,3392.654077
TSHE4DNGUCMVXYUH,8499.208555
CLTEHE9FD2APDRWQ,4500.595561
SHOE6ZVUSR95HF6P,7718.696443
SHIEGPXGZTK5B3GT,5855.002052
CAGE2XC2HFSSQNSM,2372.46095
SHOE2ZNGUCA4DHHP,666.159717
CRTECN2QXHEYVVTX,2369.412808
CAGDSNMD7GV2GYMH,1247.192258
SHIEC8ATXGYEJ4GD,4118.460355
CRTECN2QYASYFKGS,2667.517197
CRTEA7HAHHCSHCEM,5127.397987
WATEA2H8FTBKZGGG,18754.455888
TOPE7T4YMXRK5BVG,576.642695
NKCEAKKRTHT8RNC8,2662.30302
NKCE9HF37STYM5KA,4492.208482
SNDEG6GXFS5RYFGK,9721.849255
ACCEGZ65AEVGSGZ7,656.179605
SRTEH2FVVKRBAXHB,635.397413
NKCE5QSZ6FQSNBDF,2838.036126
SWIEHF3EF5PZAZUY,3258.096149
RNCEGBGW9PYRXNZY,5786.190899
BRAEDSHQ6X5YYX6N,2947.973659
SNDEHZHVMR3XPBST,4320.30566
ACCDX8ZVV2RCNYCY,1179.718702
SKIE83ADUJ28U8ET,1179.5005
ACCEJ6TEHCH7MCQ3,4208.740508
CBKEJ3ANRFJUM4TM,4674.524758
RNGEDAKBVC9TKFHZ,6179.518492
MUGEACY82GPXUBAC,2593.254286
RTRE4VNCJZ3UPGQZ,3354.372776
MATE49ATDVVEEEAN,5724.582952
NKCEAVZ3EDVJNXMT,268.919249
PCSEBXFVZSYJKRCS,8557.869219
TSHEBSF9NBDWJXZW,1210.605778
CRTEA7HAQQCGTPFU,3714.907036
CAGE3FX7HWMQAPCG,294.790866
NKCE9PFF3WZAZZXG,283.734703
RNGE3YSW9ZUZWYQA,9471.155667
PBXECWKZHWRCZZPJ,1776.569237
ACCDXFA5QFCZZ4WZ,6594.90984
NKCECYNZGHYQEFHY,4235.397377
WATEBYZGCFGUP9HG,818.426932
PELEGPF7UHM3WUE8,5904.465569
MUGE9HRRWZBDVHZ6,2788.027089
PELEG5CSGWYFCFNQ,637.031316
PBXEBQGMBP2VJTSQ,2240.489528
PTPE4JYTPVYZ8ADY,5959.585555
SHIE9J6PYVBW5ATG,2470.727626
ACCE5UKY6UXGVT9P,2408.892934
CRTECYY4DCRARYG9,2705.088105
SNDE8VY9K2JGMJJZ,7447.536099
CAGE225HGFQ4VSSK,6520.459482
SHIE7PD3EF2NCGBY,4221.166913
BOTEHZDGPGFHVQWJ,5448.82959
NKCE7MMGJSVN3J2W,4752.75118
ACBECFGTRZCFBJZJ,5994.540464
WATECYMJPRYH8D3E,4952.14267
DREECDCRPFKFH6EH,5241.804432
CRTECN2QVZFZWKQS,3963.813687
CTTEH9FTTMQQHD9V,742.478263
TSHEE4WNPAZGNG97,585.463877
CRTECN2QVS6GJZHS,4432.105214
SHOEHYEXVYZRGMGJ,4446.143309
SHIE9FMPQBGXGTTH,3714.107114
CRTECN2QXRVZAMUH,637.929264
MNKDZKF6WYMMF2M5,3057.28539
RTRE63NMMRZ8MUJT,1161.816032
NKCEA8US7TNGUJPE,768.002414
CPLEHB7C7QYBDMTV,731.483305
NKCEANMPCSWGRBH5,10009.504731
NKCE8NDJ76XBRZ2H,1755.934032
LJGE9YJHTJZCQ5VP,166.488729
JUMEHGYX4SXZB5K4,5834.548437
TOPE7QTUPGHXCBGZ,6545.424331
JEAEGE5F2DTDJKCZ,3247.253224
ACBEAWCZBU7RZGGJ,3652.461444
PBXEACG2NG3RZZAF,551.05352
PCSECYY4ZSXXVKFD,8206.299848
SHIEBBWHC4YGH5GY,13717.575948
NKCED7FPT2YG2GGS,3690.910891
BRAE9C3HQTDHK7HA,3139.919825
SHIE7ZWAT8HEHBZX,5886.996947
WATE8H957FY57WCH,1350.319948
TOPEHZNPUWSFVHKM,509.912204
ACCE7B8NZXHA5ZV9,7340.067078
CRTECN2QVBDPEQQ2,5207.489733
HACEGPF9EMXPSEJU,881.024966
CAGED4CHGZGWRKEB,505.860478
SOCEGHM6JKRDJY33,8915.745467
BRAE6ZCHDGWRDHCW,269.037454
MUGEAGGKFYCFTBUJ,4567.066871
NKCE7MMGKZPBQQS2,4275.475445
PBXEBQGMSHJDXHKW,3721.066932
WADECHFGPKW3DHDX,4227.677597
SHOEG7NXNBF9PPJV,7361.742428
SRTEH2FVUHAAVH9X,440.521094
WATEYAP3WGHZZ3FA,1553.140739
DREEAM8QTHGSDYJV,3726.982027
PBXEA4F5VFXHSCY8,758.040833
SHIECYFWYYZHU6NR,1572.849426
DRPEHYHJQNGXBZNU,3832.345772
MNKE75M6XXECTDK6,2168.352792
WATE9ZYZRREUHQN4,4567.180629
WCKEGM8FGU9ZT8QG,1108.788142
NKCE9PFF3GCQYWHR,769.436516
BRAE9Y5V963WTTNW,8225.668708
CRTECN2QWTEBGJAJ,4344.63985
PBXE4RB3HNFDXGGN,3361.231594
PACDZTD7YB2EUMYE,460.858927
KRTEJNFUHUUXGPZT,5360.73581
RNGE87FCDRS5ZFGG,4871.81898
NKCE5H4XW2PH6KFH,7675.943668
CAGE44J5NGQHXMHF,7050.381089
BRAE3TSHZRMGEHDM,4162.318019
NKCEANMPKCEZADTJ,4054.215493
LJGEJPFEVY9GXNGG,6967.857796
BRAEDSGQVSTGKAYQ,924.008894
HMBEJCMHXNY6SVVY,2609.055997
TOPEYQHGTHDHSJNM,3852.620859
TOPED9T33BGVTQZS,5716.158366
WATECDB6HPXBVXCF,4766.007418
BRAECPQ5HFH5NFAK,856.757396
ACCEGKXQ8XFPHC9T,4588.164465
CNDEGP52ABJZHGZY,1190.741344
NKCDU4RZXFGBQBBP,3812.888326
NKCDU4RZYKVHDKUB,6343.87076
SUDEGGB3JXAEBFYW,1685.257508
BHGEGTATDSHFENHT,5066.558561
CRTECN2QWSVZAX9V,875.938011
BHGEGTAVWRZQTU6T,683.678634
MUGE5HG8FG7YJHMD,1121.894161
TWCEJFXHMSCXWE9J,6537.717108
TOPE8ZAFZZ6YMGFY,4834.116426
ACCDSY8EGJPW7RJB,858.086354
SHIE6ZSBHDEBFCGM,3498.796031
PBXEDDEFTWAW3HCU,432.485068
RNGE87FCDWVPDTKV,3308.315808
NKCDWBPZVFY7H9UY,2849.632286
PCSEE4H5CYRKNRZR,646.32368
CCVEFX3Y9DFJVJUU,3670.359434
DREEFJ44EBBUEKKY,6944.714491
TSHEJUCY9HGZMKHJ,5478.871016
CRTEHSSCUCMVN7SP,3668.444069
ACCEGZ5PGHCDZTNY,3685.090377
KRTEC89PH6PVAQDT,1570.879012
ACBECFGTGENHAGDR,630.778116
CRTECN2QUSZGGH6Q,4064.858333
SHIE45Q6SJGSMHTN,3649.911978
VANE3KUFNUEGQNKH,6581.016239
MUGEBFGFM83MRVN7,2269.539867
PCSE6SJGYMZB6CHV,15165.097331
BRFEGHPHWBTHAX2X,12218.564229
TOPEB7BFCW7YG7KG,7171.163165
MUGEAGGKJM5GUWQH,5821.399001
NKCEBFWTSMKDQZMR,609.191246
WCKEGGN2J66F3KAF,5536.739825
NKCE49ATTPYAPNWB,6280.076386
BBAEJKEC2HXUHKQE,3840.547087
BEOEH25NTUDGG5TT,1069.424625
NKCEBUG2XMBRJDGV,558.594197
MUGECEVFKZHBDRWM,3606.715863
CRTECN2QX6RSYSRG,824.943825
SHOEH4GRSUBJGZXE,1204.419142
NKCEAGXHHAAGNS2H,4618.105199
ACCE3YFFWB4HHHG2,3026.134508
SHIE6ZSBWSCTKVTQ,2363.332371
BRAEAQMANF5GRRDB,8919.849797
BDSE7WQ37UVSX7SK,4002.480944
CRTECN2QUT9HQH2T,563.302754
PAEEAMGFVDHGDRG5,13089.032882
NKCE5W33KFFZDSDY,3521.051806
RTRDRJF8GJ5AFZTG,2772.619508
WATDA5ZAXAP2VTGQ,12854.38052
MUGE8NZC8ZHZPNFF,3344.407175
AIREGYYZRAPHRFGD,7120.577389
PBXE68H4HF9ZZWAB,11203.524233
SNDDXFQHUDJDHZG2,5493.853056
PCSE4VAVWZZECB84,7278.017324
CRTECN2QVCCD9PHT,2988.492094
NKCEAGXHSCG9YHAY,3193.11035
NKCEBYWTBUEBCND5,4640.776584
NKCEBVFYZHDYZGHD,4461.394335
SBGEGE6TNPUX8STE,701.64359
TOPEFCVHACWGSVHY,4764.550216
SHIE8QE6RMNSGPAU,3208.235999
TOPE5F53Z6W4V2CP,3316.357556
BLAEE6KTGFDV8NGP,8197.201365
TOPE89H8PCWMHBCP,5671.732842
NKCE9ZWYZAEAGVAK,4544.045254
DRPEF2XSFBAP4SUZ,5333.028316
NKCDYHF8ZEK8ZM58,3521.637427
SHOEGRUNZPJDGG2Y,4640.068291
JEAEGFMZ7SGJWBR5,5689.577869
BAREGGF8JSE3HTF9,4835.652531
SHIECJ45TFDT4EPB,2845.300734
CRTECN2QXUBGMWSE,3199.116451
ACCDVPGKY3GBDB5P,6708.672644
CHGEJCWFY4HFYVZ8,1420.76649
NKCE9YX2HGNZSZRV,11417.830939
DREECJD8CZDDUJNU,4049.187242
PCSEC86VEBNYKRB5,9498.064917
NKCE93H2ZTHJGFVS,2802.670164
SHIE5HBGDYSHVA5R,2494.940157
DREEDVHXDYJCAEBP,11413.968481
VLBEGFFEMY8ZFEMJ,500.479112
HCSEHGV96WXQCBN9,4992.530915
NKCE64Z489PQN4U4,3533.209581
NKCDYQ3RPPERYA9W,4751.54181
NKCDYRHGP2UFXMT7,3414.069751
HFCEGNQBS8P8EDHZ,5394.270536
SRTEGWKHXHCF2TME,6630.85954
SOCEJPT5ZR5ADJA5,8485.054245
BRAECFAREVYWQSQG,1014.956551
SNDEDTCXWCGDH2HA,5891.140743
GLSEHPS7UYJVYUTR,1053.552849
BRAEBBMQWBGB5ZFQ,2122.975736
PELEG5CSGASSHHBK,727.991557
ARPEE3YXEPFNJGUZ,7384.823963
RNGEDAK7ZDCDHUZF,10767.988697
SFFEGG74CMKFQVHF,3343.512672
NKCDTAXFQMHPMUTQ,8100.185106
CAGE9ABB78YZUHEQ,8639.226407
NKCDYQ3RCVCSYD2E,3086.51302
BRAEBUHYHEYKZKHK,7075.492366
WATEBMY8HWCHMZZ5,4522.171832
SHOEBYWT3QBBAVXJ,5210.136408
TOPEFGG8TJGJ7QDT,5165.487428
VANE3YXDHDRWR9FU,7010.982329
ACCEGKFHHFX5B8HJ,3407.804449
RNGEDAPSZFBHAGJY,4636.014565
LJGEHFBTFDGHGGWD,3333.004679
NKCDRDWAZU9ZJNHZ,4481.455275
CTTEH9FWFHGR9EPK,1080.90892
BRAEBXRBH28AMHPF,8117.657562
NKCE7MMGPQRJ3PEH,2941.550561
BRAEB9SJUP6T68FB,3259.654592
MUGEAYHPFEWRVJH6,2326.406555
NKCED6EXRYZV74VY,642.765774
POXEHPSHDKBCTWCF,5081.860429
SWDEJWDGXNYEXPXF,2548.614295
PBXEAP3SVFJRZJK2,3865.895362
NKCEBP8AQZGMMWT9,5109.667876
ACCDXH5JGXMTZFTZ,7411.436697
CRTECN2QZUD25VFN,1754.873633
BBAEC897YCBZPV8H,6982.015975
PENEGGTYTYGDHXQK,5035.316243
NKCDW898UNJX5BWE,4684.942483
NKCE8ZJ2643HGFYQ,6080.733117
PWTEB7H2E4KCYUE3,581.597929
KLSEGTBQ6PSU8NTG,9501.837103
TOPE7QTUDHZZZHVS,3789.501073
ACCEGZ6BY4ZPBWWV,775.52708
NKCEYUVR3MHTVGGJ,10967.540485
NKCEB2S9CGCM3CCQ,3555.688566
NKCEGGEKZXHG2ZGN,6265.807658
CRGE9667SJM3Z4PH,1036.661713
LBXEHH5WRYQQGNSM,5358.626413
ACCEGKFHRM4ZGYZP,600.307405
BRAE4VPRPHT9SYZZ,1437.99568
SHOEBDTHZDHFPHHG,3987.355448
SNDEJGYFP2AT3FMH,845.125693
CAGDW63HG5JBCVGA,565.582112
TOPEBBGNQEVQZ2W6,4203.167565
TUNE6VK2GCBPBYFW,849.598059
CLTEGMUMNQXUEHHX,6466.267682
PTPECA2QYCZH8MBV,3224.518016
CAGEBTJCMAJG7NW3,1931.453297
SHOEDHHSRF6FMWGA,2173.733855
NKCE9Q93AZYXVKYN,6983.46027
PCSE2ZMUZH9PARZZ,819.856398
NKCE7MBRM6JAPEAX,642.421077
CAGEBTGEHMQUS8NH,6985.740083
MUGEBFGFRUMZGKNN,2437.14973
CRTECN2QVZZS3FER,2156.751181
WATDJTR93NB8HHQC,7162.489559
ACCEGSAZPGAHTHNH,4582.667989
NKCE73KHF8KTYMRQ,3859.269845
TSHEHU5RW2VDGFKZ,5598.603328
CRTECN2QUHGUJNDZ,3625.432835
RTRDNY65WHG9FHTS,8556.961236
SUDEGGB473ACY9MF,428.868043
SHOEG7NWGF93MFVT,4970.064665
SGLEJJ6HEU8GVW4W,878.213902
MNKE5YG7USVVTPCZ,2499.46205
LNGEBDTBGWTXTYWT,4646.5455
SHOE652MJRRMFBEF,2052.319634
NKCE87C3C9QYYBTM,5119.093268
CRTECN2QVJBRMHRN,3137.397717
NKCECPQAERMCV6YM,1173.785263
SCHE82QGQ2XPDCYM,4102.138993
TOPE8ZAFY82P7AGT,845.091046
RTRD4KY4UNGYCZFG,7557.226208
TOPECRP5KCUZWYGA,3500.779223
NKCEBFWTHMVVNRDP,554.390048
CRTEA7HA7X3CW7YQ,3776.353862
NKCDXHWZHPXRF28E,3092.476573
TPYEGGGZHDFZWZ2X,1351.624628
ACCEAZCV9DGDZDDD,7844.270517
CAGE7DUYEYWSYGBY,783.443551
SLBEG68TKWYVGNKT,6792.518148
NKCE7MMGWBZPZJSZ,2098.232281
NKCDXHWZGDPDJG7X,3752.56772
CAGE8XYYGMRKRRCH,7673.448759
PBXE9FEBPXAKEYAP,9895.355168
CRTECN2QZVH3J8PV,3821.066995
SHIEC8ATMHEWET32,2413.496342
RLRDY36SXZNHEQWA,6132.902979
CRTECN2QVP7WKETJ,2464.631075
NKCDSCF3PH6MPP5N,2577.421
BRAE5PKZ8QXFHWGK,1842.618653
NKCDZHF7TKGY8BAX,3397.266251
BRAEA8YRRGJJWVHB,1953.487832
CAGED3YQSJXNZRJF,4232.360794
CRTECN2QZH9J6EHK,3185.657938
PBXEAT5YASJRMNG7,1384.035003
SNDEDGAFFSHFKZN2,10092.057449
BRAEBXRBYGYKC76H,7683.691657
VANEB97UCYGMNHRY,6786.677876
CAGE9ABAPMTWEJGH,5271.964789
TOPE8E8NJXHZ4S9N,4299.681604
SKIECYAEGGB8EPWU,5953.036578
ACCEGKFFSRRVD7Y8,939.67186
NKCEYGTG8H79NJYY,6538.019975
NKCE5V95W2BFNBCZ,2896.226712
TSHEHU5RTMMTFVFG,5769.700678
NKCED6EYRDRJKTPC,11638.282448
SHVEGZUHGVYZBRW8,10482.758679
NKCEA5FHSF4NWKBT,215.142565
ETHEGMHHGGCXMSYA,113.991051
MUGEACY8U2HXTXZ3,3222.947633
SHOEC8QG3CV6YYDJ,4557.677287
BRAEBUHTPZGHB6HG,7467.214743
CRTECN2RV7NHG8XK,4282.708408
TOPEFGG8FEQUZSMS,4979.218388
TROEGZMRNERWAHEB,999.996732
SHTE7FR4YZZ77Z9Q,6201.591612
BRAEDZA3KZVHZZHZ,1967.343448
CAGE8X8XGZGQGWVN,4249.658016
VPAEHPYYFKG4NG39,4100.257206
PTPEFJHG6SUSBPG8,5118.770459
PTSEDAZU69CBFF2M,4983.976883
BLAEFNHBFWEXG6YM,5485.746582
HIFEB7J3RCFHZ5DB,6460.381376
BRAE3TSHZWH8YWED,2665.040096
NKCEANB7H8P6QY4K,1987.189364
CRTEB774Q8HJYPMB,4653.76773
PCSDYQEVGFZSGRQJ,888.580423
BBAEJKECZ2ZNAUZQ,1995.887409
BRAE6HUHPGFHGEER,4519.161927
NKCEFMZUGH4NG7F6,2810.130739
PCSEE4H5ZCFWZZRZ,1884.789234
BRAEB96BZWFCDVY3,9285.293391
SNDE95MFPFPJ66M6,3244.033494
KRTE9JEZ28H4ZWM4,1252.597804
CRTECN2QUTVCTHHS,5244.039293
CRTEJUA36GHKGQEY,2627.352368
SUDEHYGUMVVYKJCW,4647.060661
WATDUNJ7YKMGG9RZ,5334.88101
DIAEJUCEZNKKK4FK,2503.054862
SHIEBZB49VZZQRKK,3908.418861
TOPEAZ88AGF3KJHS,1408.382878
DREECR3HFXYFPHD4,3811.555264
NKCE8SESAZ4K8HZC,3941.699501
SNDEE5FMQ5YQAKMZ,5031.769133
RTRE9N5GJGJ2GMRV,763.148742
WATEBNXNMQQQFSQG,4507.896499
SNDE3E6YB6AZJDGC,15254.204983
SWTEAW3STNNJSKNP,9749.630383
NKCE7AGZQB7Z7UFM,2819.407579
WATE7VE2MFQWBF4H,574.826167
PCSEDCWJBHDR9EYU,955.309607
WATDZ2ZQHSAYJPWK,9013.007145
DREECJV2GVFHGQB7,6967.682726
ACBECFGTZHFZ64PN,6208.907929
BRAE3P8YHGJF5WUZ,3002.425736
DREEDVHXSAAZSBTZ,2375.007907
ACBEB3489M4NQZBD,4903.867162
EMSEDSHQ3VU6T8Y2,3500.548351
SUDEGGATDVCMWGGH,4690.350904
PBXEBESSDYBYUGXT,8509.20156
ACCEDFVFVMKXJGGG,6133.900514
BRAE3UG9P8GJXZ2X,3582.931535
SHOEJUQFQURGGFY4,1092.079481
SHIEJYHMR7DUKT8W,3088.90531
SUDEGGATJKZYUZUP,2300.112271
RTRDZBJ5VAZG7VGC,7216.13887
RNGEDAKBZPHKHGCQ,6627.115933
BLAEEH2ZJ3G9DA7G,6332.171049
SHIEB468NVUG5HMP,7470.907991
BRAE3TSHZQDVSGYY,5139.923416
PBXEAFTPFDK6BRHK,761.485419
TKPEFT4AD3ZQZZHN,7009.103829
ACCEGYP259YXZJ4H,2179.01617
RTRE3KKXMVHMRQ6C,515.819443
NKCDXYFHHPBSYJDZ,3934.206782
SHIECASQHFWX59GJ,3420.11223
TOPEGQKDATUDJTAG,5616.650111
BRAECBDFZAEZYD2Y,1071.914868
WATE4S5RZ8P5JZHZ,11231.67339
CPIEJHF6GZEM7SPY,6072.346027
CRTECN2QVMFZFNGC,2972.977925
SNDEGGRYTVYGPR6F,2597.148959
RNGEBPU7PG8W88TV,10327.208688
HMBEDCJHT4FCFKGD,7689.663224
NKCEC87S2ZAZBYAR,2796.32657
NKCEC88C4GV4UFN3,5193.215224
SNDEA42M6GZNV7M3,7042.004804
SGLEGBV8BENMFZGH,1576.709356
RNGE7M92PHFGGBUJ,904.165995
BRAE3CYXV4JGWEDA,1431.373422
CBREGYBXZKY5VKSK,673.716155
CBKEJ3AN6GEACKYR,9813.872478
TOPEBR5GNG9MACAD,4549.131871
FABE78FYGHF22FNE,6714.829371
ACCDX8ZWQFTTGZYK,10392.294669
KRTE39Q4GVHFHWZV,5718.302773
ACCEGGBTG3HMNHNA,3690.990294
RNGEGMMBCJGQGGEF,10208.826542
BRAECTFYVHHKMV9H,6245.22834
NKCDU4RZRCYAZHY7,3671.77487
BRAECFARHCG7P8WT,4768.906876
BRAE3TSHZ2XFSNUT,2917.230708
JEAEFYQHSR7BWPG9,1067.308187
WATE3HFNMGVTZEDS,1718.233972
SCHE3Z7Q3TSVYMRP,4742.086726
DIAEJUCFHWGHUQFP,2921.127271
NKCEASN6TXJGHZUE,5960.786375
WATEYAP2ZFEV2JKG,5038.916074
AVCEJCHCDNFTHSQC,5419.257798
FABE88MH3NGH8MUD,3235.58124
PCSDY5AHFNSPGSV8,4332.997746
BRAE785RYFT8WTHK,7234.627277
PANEJQ5YHAHQYD4F,3546.795219
NKCED6GHCAHTHNCZ,9529.655684
ACCDVDC8S5JWEE6X,6120.387962
RNGEDAK9YXVZV6G9,5225.923305
ACCEGG9V98NCXGPE,4885.88712
ACCEGH6RNERXNQHW,479.458898
BRAEGP6SFGYKNNCD,6592.309395
RNGEBQZQGQVJZEHC,5507.004721
NKCE9G2BGNV9RDXG,3415.574412
TOPEYP876AAGE9NC,3596.809573
RNGDTBQTBEMPDBMB,5275.315467
PCSEC86VVTQJN5AQ,7217.378077
NKCECZG4EYKY7XEH,2702.504446
PBXE5YGWHMS88ZBW,3343.316404
NKCEDCT9CFG3HCAQ,1762.943769
NKCE3Y5PDN4U66HC,6812.147969
NKCEANMPKCDG8DRP,9258.030585
RTREFDXTZ4GGGAEX,3121.870128
NKCE5WSJTFZWUWBV,5034.485081
NKCEB3GZSB8GTXCT,3855.086203
NKCEA5FHBGJ9JPFY,357.879545
PCSEAN2WCFR4FXVB,1157.762611
MUGEAGGKYWKB6YGX,3951.380723
RNGE7M92HHHRXZKG,8891.600313
BRAE8TFMPNB5GSF5,2085.016293
NKCEAFDAZGYPTKGF,7763.723422
TROEGZQHT4UCZVKV,4403.304787
PACE5P38T4FEUHZC,2441.90184
NKCE8E6YSG2KQEGD,3103.670339
CAGE8PKGGGHUXMEN,248.483007
PBXEBJ4NUDH3PXZY,11867.889282
NKCEA5FH8FXQKFAG,3912.110612
VLBEGZ7SZTDCNGTE,11194.856352
NKCECZG4HNVBZRYY,1080.759766
NKCE9PFF5XE5AJYU,687.23839
TOPECB4EZYHC6C3B,3137.815809
TOPEBW2YNZX56YAK,5251.753779
PCSEAKVBT8SMGNXV,1254.336777
MDYEJF57MVYHRCUN,5813.964505
FABE7B2FGV9CDFZH,587.567163
NKCE89MSGZ7NVZ7D,3535.03839
DRPEHYHH78DZHUZG,549.147766
NKCEDCT9HMYQSMGV,3333.279302
NKCE7H5KZTH3V6AF,4048.202015
NKCE2W3WYHE8SCJD,5529.509749
NKCE9PNY6Z8VKAQY,6483.669375
FABEAJUHWGPHZUGU,7377.194877
SWSEBS2UXYZBSY2Y,4803.373859
PCSEC86VA2HGZGXW,5572.915323
BRAE9Z5TFXB7466Z,314.009932
LSKE99UKDTDN7HBM,7779.626052
NKCEBHGB3FZSR5RH,9141.58286
TOPEHZNTFAHEZMQA,647.304374
PCSEAYRTZYDSPGMB,7550.195855
SUDEGGAUR7EGNEQ6,7599.313133
TSHEB72FPCF54KZU,6724.433014
SHTEJGESKVEMGRYR,701.818478
SHOE2NKQ4NXGAMYX,3947.554456
BRAE3TSHUSSFTGHN,7569.525237
NKCEAHPFWCZQQBAG,3532.471857
BRFEHTTQHPRGKZZY,5290.948795
BRAE2NF6XZZJ6EXG,3130.257737
NKCEYUVRNDSCECZR,2979.676801
PBXE84AFK5C9NMYV,4708.462783
SUDEGVG4VNMYZWXT,3212.266104
NKCE5W339WJ23R7Z,3095.290554
CRTECN2QUBGAGPCK,5923.548139
BRAEGG4P8HYHRAC9,4311.096416
SWTED625BMZKJXHP,3285.241245
BRAEB9SJZKCAY5SY,3729.3348
WATE8E8PCQJAQNAP,9223.268993
MUGECJZ2AHNZ2JHS,4060.178409
PTPEFJHGGFH7GA3Q,3950.200557
SHOEH76627H5HRHM,4268.342555
CAGE9ABA6MTKHCNM,576.047753
CAGE5NGBUYYEVZ8S,730.329845
TOPEGH27GZK5XG7P,12048.148024
JEAEGFMNENQ9G6AN,1444.481225
MUGEBFGFYPNW7GQ8,2047.116528
NKCECYNZGPXQ6HR6,3916.012652
RTRDB8GKEGG5E3XG,3439.235096
NKCED6HQP5QHVGGP,870.27316
PBXEBWY3QC5WCPHS,287.541204
NKCEY8KWTM9HZKDJ,6981.61463
ACCDX8ZUCDGVWWWB,5639.561582
CRGEB5MNWY2XSW7T,6370.406768
PTPEJPZSEFCE3CZW,4789.066621
RTRDMTEPFH3EVUM6,344.608049
SHOECQQFYNSCRFBR,2856.341053
PBXEBQGHT5PYSDHM,683.975947
SRTEH2FF9KEDEFGF,3643.635688
TOPE75N4JHUJCF2H,8811.093926
VAFEHQZYGH5HRJJP,621.58666
BRAE3SGZXAPZKGDK,1901.97631
SWDEJXHARNREQZVK,5613.230645
SGLEGBV5ANNWWFZX,9188.479821
SHIE7BZ9CHKNXZJU,580.670657
BRAEE3RMMRRFQ9AD,3028.448434
MUGEAGGKYSMHGRMH,2246.210784
MUGEB3GZ4ZYHF24Z,2050.479558
CRGEYZ5FGRTYJUT6,6170.40282
TOPEGHZ7ARZWUVFS,2068.014385
CAGE8PKGXDZFUTHH,3200.989725
ACCEDTNRXHXZKH4G,5193.476429
CRTECN2QZWHEJRGA,6453.645927
PCSEBZQ5GMBXZFCF,1383.37125
MUGECEVF7HGA3QMQ,3791.027878
NKCE6ADEUEPXCHHK,2462.629356
BRAEBBYRZKNYWP6G,2047.267115
BBAEGGDE8QWHDEYB,4272.449334
HOKE6KZCEZJFHQMY,4726.664551
BRAEBBYRXQSD8NZX,2283.522598
NKCEBF56FWWZ35HR,6820.961089
MUGE5HG8VVGMBN5M,3348.029815
BRAE5VA9GBGW7M7K,891.397955
CAGE7TVZ8PH9GJQU,9831.931062
CAGE9ABATUHJ8G4X,10410.318564
MUGECEVF4WG8JSZ9,2824.431096
PCSE4V8HRKQH5A5V,8638.169736
NKCE4VA4FAZ7FTFM,289.661453
BRAE3TSHPTKBVBHK,6762.610436
ACCEGYP2FYTWVKUB,1753.191251
CRTECN2QYKPMZGNZ,2828.57611
NKCDXEGW7APJ97YS,4101.957852
NKCE9ZVGJQNZWRN4,2359.72171
HAREGG26DYDGEYRH,4832.929389
DRPEEZNFGG9J9KAV,1091.739289
MUGEACY8EWA937QD,3983.961064
NKCEA5FHZSG4SVZP,4227.563902
TSHEHU5RPEPPZW2R,6397.986216
TSHEGF9S8MT2MVYV,2967.678087
SUDEGGB4ES3XZCKP,1041.256348
SHODPH4GEYW54KMT,6075.853863
TSHE4F2GSWVGKG4D,6386.326973
SHTEAGGFBZGZMFCF,4833.169871
RNGEH8WN5KNHEFWJ,4346.094972
RNGE9HDPGG8ZHUJZ,4221.172566
PBXE9EJKVEFQQTJH,5421.510186
NKCE4PZ6EPR4AKZY,518.373579
TOPEHTU46JAHMV33,4658.367531
NKCEBFWTYSW72YJK,2047.296986
RTRDY9NVKBBNGYMU,277.914753
CAGE3GFTKFNDSUJY,7715.584842
DREEAEB8XNSACHQB,4844.868906
BZREBXM8H66HR9CX,4062.321835
RNGEGMMBHHARCJ6H,1902.521885
SHIE3QDHFYNWATPT,7800.592578
MUGEBFGFYQPGRQ7Z,3539.426157
RNGDTBQURWKKGMZZ,4120.935924
AIREBA9VGER68DFH,8447.793938
SHIEB7957MQBWGV3,4087.437593
BKPEGXYVX4CG7UWX,6038.944633
ACCEGZ6BBHDP23K8,4651.655962
CAGEBPNU8TKUG6NM,2143.288833
NKCE92XFXH9HH8BT,8393.095035
NKCE9GR9GFMQ9TNZ,4970.583179
TKPEGM48GGD2QKZN,522.539077
BRAEBP5JJA24D2YS,6383.869346
CAGE6FYKDHFFNFHG,7560.774176
NKCE9PFFKZWGCJMV,2238.056342
NKCEC87RGJPXNK7P,375.512875
SHODUMFYWHFYZRPY,4725.346298
BRAE7DNYSXZSXG9S,108.189176
SGLEJJ7HNYDPKZ5P,4951.716581
TSHEGMWZYCTCDAAZ,6776.909277
PANEJQ54895A7GHS,9900.918855
BRAED6C5RRZJBRNP,6710.589503
PCSE4FKCGZNGNHFN,5447.553476
NKCDRDWANFDGXSSK,687.674417
MUGE9P6DPPNA4TUS,4134.349396
CRTECN2QZ7DHY6GV,3283.130554
BRAE6FMZTRTKVXU6,1581.836577
LEAE8UKZFQRUTMAG,3375.411936
SHOEAPCYWEAFSFU5,4472.806982
SNDE5TY3KAETEZVX,8493.66611
PBXEAFTPXKDJHHYN,3205.26705
TOPEGWURCXSZMQ6H,3047.273924
NKCE9Q93NGS45HGG,7492.311865
SNDEAYZZWRXJSFWH,7406.916206
NDNEJRAPFDZ3R2HG,1543.913578
PCSEDP3UUPFTQFCU,7302.389297
ACCEGH6SPZF3AHH6,4432.536124
NKCEASN6ED2AZSGJ,4583.459622
SCFEFTYSYX8BTZ4P,5126.824336
PACEAYZANXQFKGZ3,2116.568427
RNGEDAKCZHXRBG9G,6676.04798
CAGE4Y4FXXUZS4ZP,7797.523697
WATE7H4UYKQP363Z,10262.838895
CCVEFX5JZHYKHHHF,286.821183
CRTECN2QSBAQ24DZ,5598.296384
NKCECHX4UCYT4MYX,290.833334
WATDAZPXK8FSPGB4,11056.347997
BRAEYFDEH7WZVJVG,1924.756769
PACE43HFHCYGHYFK,4051.892729
SRTEGUA8AG9HYTAH,2891.458883
RTRE96W36WAJHRCF,2754.546748
RAQDCNWAHJK9JNUY,676.499514
BRAE5F3KGVA8WAJH,2843.37386
WATDZ5HGDFYKXHYT,2088.311522
JCKEJNEZZ2RFFJS5,5849.78355
TUNEAUVH8G8ZPGYC,8561.934551
SHOE44ZFTHMTAB6C,3740.043219
BRAEE6YMGMKH7DCZ,7950.924798
WATDGFAQBJJV2TTK,9248.930691
MUGEBFGFYM5T6KNW,2710.083662
SHOEBG6ZS2YREWHD,4768.929503
PCSEAKVBBGJAZTHM,936.525821
ACCE73VFWU9JYKEF,3212.024401
CRTECUWZDJRHRFNK,2895.219102
NKCEBHGBYC9ZH3ZX,4286.825858
NKCEGMUCHG4CKEGB,5702.839962
NKCDXPZS8AZMWHZB,293.001079
CRTECN2QZFVWFX3S,5016.487328
RTRDW77Y4D3QTBUG,375.367701
NKCEA4CAWGKJ5SBV,655.13953
CNSEHF8FGDHAGGGR,6760.374058
ACCDXH5JHWBCNQQ4,3468.6534
TOPE4DS8VQC2KCD8,803.700205
BRAE7T3WRRVYQQEG,1369.511549
CRTEB774DZGQJXV8,1685.988004
BRAEGJFXWMKWGTG5,6645.768424
TSHEE4WZVGVAMRAP,5632.854874
CGCEEFZSURUGRCUG,2833.539336
NKCE6NHRZA6ZXMTZ,5272.38486
ACCE8XZMDHKTDDTY,5996.654654
TOPE954FVTRCRXUN,5356.070867
TSHE4S257WYDXMMX,6976.780404
WATEHYW2GJW9SZYZ,2418.625601
RTRE2TYN2XUPCEVH,2500.86912
WLKEEXSVZWZHJEZW,11174.054481
BRAECKHYDVMUMAKF,1009.374769
PBXEAT5YDFMUMHGB,659.659783
SHIEBG6FHNFZ2TFP,2894.290471
SHIED3RY2QZE2EWM,3762.956089
CAPEJZVUAZAEGXZ4,4792.528307
WCKE2TFFFYHKUM68,5734.317319
NKCECJPC5HBBSFKZ,2633.830357
BRAE7NMEGDDHG3EX,1864.082076
ACCDXFPYVJCMFGET,1094.239695
FSEEJVNPNZHCXNNK,1737.324447
CRTECN2QZ4NY4SSZ,4325.788259
NKCDYQ3RYDG2GMZB,6059.557663
SGLEJCHSWBMHVVNG,5061.359522
TOPECCNVM4SN9F9C,6969.703759
NKCE74XGF3PPAZ3Q,415.018843
WATE5HFYXEJRCTHF,4876.589603
NKCE8V3ZHGGGHHDH,7549.272526
PBXE9CVJ6G5NAQFH,3561.260364
CNDEGVE65UWDPCYC,4936.014168
CRTECN2QV9AZBYNG,2474.125373
NKCDU4RZPGSGYY4Q,4280.837745
NKCE9YFBR7ZAMBNJ,1153.98902
SNDE6W34GVRVHWQQ,10492.152863
CRTECN2QZCGZSGK8,3286.498966
BBAEGFHEYYMKHFZR,3123.285974
WATEAUABHVPGRBAS,585.667464
CRTECN2QZVUWVHZZ,4618.86577
ACCEGH6TMFNCMYJB,3927.048625
PBXE9WEVHF3ZBQHW,8781.424219
WCKE2TFYWX9QW3YC,4747.454341
BRAEDTNZZRXBHZGZ,2251.188171
BAREGJ8B2Y3TPUWH,7929.437756
SHOEJCKBGJGZQJHN,1940.236946
NKCE9Z2JQGBBSMTM,3550.698563
TKPEHGWYVVXUYCFC,4125.81837
CRTECN2QYGNYMVY8,4322.890558
CAEE9Y64FBPZJUUH,9163.917339
ACCDSY8EMKXZM8EW,7626.981936
CRTECN2QUZBANWHU,5982.785556
SHOEDH9AS48SSFBT,3559.17661
CRTECN2QVV8ZGNWK,4168.859121
NKCDU4RZ9HWVUHGW,7757.069212
SNDEEFTGRRUZSFGJ,4944.604278
NKCE8P4V9ZQCAYZN,3065.006426
NKCE76TNSYX6ZQ9Z,495.877793
CPLEHB7C7ZJGHEQU,3756.668237
SRTEGWKKQABUMGFA,5707.015723
NKCE38HBTZXEXXUG,5772.141935
SHIE3QDGUEGVZJZ8,5327.864549
NKCDY8S8ZPV4YA9S,4151.55618
SHOECXPHZSFGQEZZ,8256.627404
RNGE88FQ5SDTSFY7,4893.647953
NKCEAP3S6G8ZEGB6,2622.787043
JEAEHUHKEAEUXSRQ,4604.669994
BRAE8WPSG4FMHFXF,1534.659348
RTRE9JEGMXHZ5RHQ,4981.702457
SHIEYSPPPDGTSGFX,2930.170423
SHOECJD5WVAGAJEH,541.172617
WATEYAP3FEPWZ8MH,7022.288864
DREDRCRHDXQNK4RB,5760.800534
TOPE7ZHZHT3SKKMN,5377.343088
SNDEBBK5Z6KUQZZF,812.737043
WATE2RX9HHGBUQGA,7491.246044
WATE2HX6JQGRXSEA,2655.787171
NKCEDCT9MZNZ7D8B,376.45019
SHIE8HXEEX69GA9F,3739.131416
DREDYSNRZGBFFVQ5,5325.028219
NKCEACYSTHNBFPM8,5679.978818
SUDEHYGURKV9EVVS,6318.930761
BRAEDQDFPNUQGUVG,2133.603734
PBXE829GJ3ESYYMQ,2395.76445
LJGE9TGNUKM2UGWC,5647.387196
MUGEBJ7XBXMRUHQC,3438.853941
BRAEB9SJMFKF39ZW,1050.093292
RNGE864HPZG96WNH,2993.824535
BBAEFYZ9HC3R7CSS,5368.742585
CRTECN2QZZHZH8H3,2261.161823
NKCE49ATHBGGPBDM,2772.894516
PBXE5ZJZBKZKFUTT,9697.156042
SNDEGGQ6T4W8ZGKH,14363.628001
NKCEANMPQABUFANV,3184.626329
CLTEHE9FNVRTJUGS,2976.917446
NKCE9PFFJHGX23NG,1282.180978
NKCE6KGHUMC3DZNK,5919.411294
NKCE96SXSGHZ3GZA,163.75822
BRAEBUHTHHJDHGHE,7318.542868
SNDEGFJQBJWUCSHS,7693.163207
ACCDQDYBPHVQ9EFC,8257.753742
PBXE84AFH8Y5KECY,1607.638962
KHREGSDWQZKZRY3J,5392.982298
PBXECNFSCHBSHZM9,8593.344767
CRTE8389ZZJS6W9E,566.627203
CRTECN2QZFRKZPZU,3111.199234
TOPE89KYEWKHKRDZ,1277.558471
SHIEBXSH3GADDFBP,2497.705786
CRTECN2QYZ9YX3JR,4167.596889
BDSEJJ7CMKHRWVCZ,8048.397227
BRAE8EHTGUTM8CX2,10431.874144
BRAE3P8YRJ69HFQT,8768.872891
SUDEGGATYHBGUFTF,3515.380961
NKCE9YX36WBZF9HJ,6375.645424
SUIE5GT3DSJCKEJF,1476.234689
RTRDYKU6F2GVR3CR,504.593138
ACCEGH6TEZ8CAXEH,2207.907647
SRTEGWKHGMNG3WRJ,4669.450419
CRTECN2RCNAMYX2E,7117.19326
ACCEGG9Z4QCZJZFJ,4554.753009
BRAE4S2FYF4RN49J,1886.654867
ACCEAHRFFH3S7HFF,1936.217185
NKCE9JBQGG5PHQFM,4819.599123
CRTECN2QYU4SJADV,3878.994115
NKCECQYZNVJKFMJV,11824.734147
RNGDUZU5VCYXAAEM,3416.905953
SUDEHYGU9BE2XETS,6918.622842
PBXE5YGWHPQGBWG3,4337.719566
ACCEGGAYDMUYE7SK,7534.276663
WATEHVHJHMCGW3VN,526.193805
MUGECJZ23GD5PE6C,2497.729424
PADEHZFHGHFQJAXV,5686.07213
CRTECN2R7EXGYGFZ,4522.474952
PBXEAJVRRK6MXXKH,2630.248204
PBXE9YWJHHERWPG4,5282.730132
WATDFFH3PGFHHZH8,17199.224071
TOPEGFXU8ZAGFGNZ,1700.94155
SHOE6ZQEB694PVM8,3772.423275
ACCE8VP6PZDUEYGP,2987.348947
WATE2FAGESM5B5VZ,7278.273457
BRAECC9JFBY5YSEY,4240.788293
BRAEYFDGSY9S9ZDW,4212.515821
PELEGPF7C9YZFKDM,3893.902923
ACCE93ZDRDSJD3RG,2722.202041
NKCE9YFB9BZZ8ZFF,12560.565803
JWSDZCHGUTXYUGZD,9622.626378
SHIE7DFNVCR8KUGP,3731.637319
NKCE9PFFXGMFX5PB,9638.634226
CRTECN2RZRH6FTYZ,2140.526853
JWSEJFMHQEMPZPGK,4557.536053
CAGDU9C3ZBMU4CGR,835.984574
PACE5M34GBFNK4F3,6516.54885
BRAE8WYHXBEEPGDQ,3140.511388
RNGED78RWSSAT7GT,9006.72511
NKCECGT3EZHNNRAT,7094.008745
TMLED7GYYPZ3ZXGW,5495.979753
PELEJUCGUAPQRCZX,8979.693076
BRAE6ZCHHPFNBYNU,1700.015983
SUDEGGATXD4BMC2G,4575.202654
ACCEGG9Z5UB2JZYH,2763.560192
LJGEJQ4NA7BDGQWZ,5104.460388
JCKEJFPDVWBKHPFY,925.224168
RNGEE8ZHQ4HRM5WY,7109.183827
CRTECN2QTCW9VDKR,2931.407148
RNGE9HE7BKMCZGRV,5339.924335
CRTECN2QYYFYJFTV,2671.599577
BRADM8DWSRMPPNNX,1496.54554
SHIE7VFYJHKGMXUR,3476.786534
TOPE8ZAFC7JSV7QX,4044.214353
VANEGQCWZYFZ3EYJ,6972.773676
TOPEYY5YK3WEGGXX,3970.800128
MNGEJPST4MZDZCHT,2464.820043
PYJEJMHJNXJ6NGKC,9932.268077
PADEHZFHCNQGWNNS,3965.146764
CRTECN2QTWDYRKGW,2878.561972
JWSDSCB7SN9AYB4B,8282.1817
RNGEAM4ZFGWHWMYZ,4352.406812
TOPEBRYGRZFGPMHP,2400.840797
GLSEHEHZAZEJMRVF,6183.139636
ACCDYAGVFPSCPQUY,6249.949817
NKCEAJP6DGFV8AEZ,10358.416749
CAGE7CJVGGHQYZDQ,295.892159
SNDEBYH3ZR33KSAG,7012.147291
RTRDK7TWJB6RCNP9,4493.383346
RTRE38HF433WXQJD,3397.835482
SNDEDG6HNGZDZXBV,1814.239242
BRAEDT7STGZCKHEB,5647.851602
ACCE6RHG47DESW3Q,945.167059
CSPEGMVJJDYAYQYG,4694.506816
NKCE2NKZT6GSFFV5,3188.016698
ACCEGG9UN8H6EHGA,2206.571347
WATEBJ37KBB3SEBR,3971.977059
CRTECN2QSGCA6CSF,2722.576119
SNDEHZPDSQZYASGW,4420.677168
CAGEYUXVHFYNCAYD,6718.298086
PCSE69MFRZSMYVRH,1915.549527
SNDEHZPDZMNZGHEQ,3265.133682
MUGEAGGKQMGVUVJT,2394.39499
SHOE3S9BGUAGYE5X,4682.965905
MUGEAGGKHU2G6PT8,3371.959241
SHOEBG79YJZD9C33,2380.049772
GKEE5ZZ34VYKVZEK,6948.739744
ECIEF6JYYJ4PHJ3Q,5979.80959
TROEGNRFM8FCZHHM,2458.682581
SHTEYSPQAB9KAUVG,749.053078
TWCEJFXH4EU2JZYG,9517.183426
WATE6S3AMDGT5PVG,3124.611137
MTYEJJAQYHCNKYZZ,5365.04969
NKCE845VFGMPFFMT,8826.185354
BRAE3WVQSRGWGHZV,7821.926611
ACCEKFVWTGZXG5XK,5660.573286
BRAEE6YMKFPSHPY3,1677.698007
RNGE7M92FZVK8YWH,6906.681957
BRAEBBMQWZYHZFGE,1517.807962
ACCEGZ66ATHMFPJV,757.629133
NKCE7UEX7BGCCZUY,4833.816366
CAGE5H7JE9G72SHT,8121.134625
TMLECXEQGAQXQKDG,4773.842126
NKCECZFZY9YTKGTW,6055.026041
SHIECFNXZ7W9GVYZ,4369.889984
MUGEAGGKZEFKTZ8U,3556.275851
SHOEFECFFYBYP9QR,4297.950204
GLSEHB7RQJFVT6GS,1178.555067
NKCEASCZU8K6XDGF,1162.931929
LFHDBF4BY3PS66NG,4835.883856
TOPE8E8NZP256K8G,4523.923338
SNDE8SSKSSARAXHJ,8002.352656
CRTECN2QXHGGKHWV,3632.435819
JEAE9PP49AH6PQCW,4455.699575
PCSE94FSG87ETQY2,2247.306748
NKCEANMPNFSQ2K6X,4707.816781
PCSECV3FTHYGHHHF,1211.945093
GRKEG679TVS7CSPA,4825.77678
TOPE7T5FMBVW9EFY,10450.669655
SHOECXZEHUBBZYJV,4606.797799
CCVEFV4RRNH9FAHH,2488.438218
PCSDYQEVCWZSZH8V,9359.222993
BRAE3TSHUSJJYKM7,1724.471813
PADEHZFHMTEUP8YG,4219.107297
NKCE6UWHWNCNCFQF,3563.609372
MUGE6S9YXRP8MRQC,3882.659825
WATECKYCCMXUQQMS,5648.776287
SHOEJNY2X4CUEGTM,5571.83636
PCSEAKVBCZWH8HDS,9246.379447
NKCDV9SXP4JGZDKK,2262.829032
BDSEJTHNGWVGWWQU,2667.345411
BRAEYPGFGBRMAEZA,6995.225538
NKCE8RB5WMWAWNHJ,3623.880945
BRAECKHZRU4RZKQH,5577.869788
HRCEHF2CDHYWPFVN,5578.622457
WATE8PBFJDAEDYFQ,7317.991341
TOPE8QNKRJHBNWNV,4503.095425
PBXEAJVRSJFJ2APN,3713.058621
SUDEHYGUFAGB4NYH,5433.17317
JEAEGGDJGFGQXEKV,5354.739043
SHTEDCZWPM7F8GAM,4128.813331
WATE3NWHWKVDFSDN,1735.69642
ACCECHF4VZYHA4XZ,4836.016004
PTPDVPEXSANDVSJQ,4262.074759
JEAEGHQYYGDYDBWY,1617.019833
BRAEDSKCYE7BNKZ4,6173.738932
VLBEHHWFMGCMEM4K,798.712529
TOPEHXA27XJFNSGV,2209.402416
ACCEGH6SEMYHF34Y,4604.951803
RNGE7M922VGFBDGG,4580.834152
CRTECN2QZ4XUY84U,501.842316
ACBECFGTYJ3E8VHE,5146.48239
NKCE38HBJCPPYWKH,814.94317
BRAE7SQFKFNVCTB9,7403.588336
TOPDW7AQKZZHFCZF,4521.250276
SHIE9YDH4WHHEXZH,6018.86202
DRPEHYHMEUCSYGKA,4436.616758
RNGEHFDYGPHZ3HGA,2981.675663
SHOEJVGTSYMHYFBX,3595.089073
ACCEJGH5QTFVXQZT,5430.476687
SHTEJT4D7Y9NTWYZ,1513.109987
TOPEHZPAPFNFEHBG,548.479803
NKCE52CSJEGXP6FR,640.4129
PELEJUCGBEHUGMZF,11138.058983
BRAEAREZG4Z6ZFK9,4395.801308
TOPEHTU4FN9KEAHJ,5237.477955
PCSE4FKC73GEKW7W,2992.958272
CLTEGMYW2RWRDH5X,5769.889496
ACCEGH6SF89RGZQD,4034.104293
NKCEANMPGJAZ7BHE,4483.500855
CRTEA7HAXMYFVGXX,3138.085495
NKCDU4RZQRXJH4JF,489.713911
MUGEACY8QGADG5VG,5670.206731
PBXEAXGWYNVUUQVY,3198.225814
CRTECN2QVE4KYGWY,3055.692309
NSTEJHERS3AKXUCW,4457.395354
SHIEC8ASQEPSK7FZ,295.702889
RTRD8FNG6FUTFZQJ,2721.268909
ACCDXFPFEDJCKQJ3,11124.308047
BALEGFXZGSRGJKJY,3043.667952
TOPEBQGGJ2C7Y7HZ,6085.723858
CAGE6FZSZXFKQHZP,939.845803
TKPEGFWWV9K7PMMD,8222.300882
RPEEGGDJN5D8HFRM,4341.76297
NKCE6TNZ9YGRGVNF,11092.822135
CRTECN2QSGWBHY9F,7429.711336
ACCEAHRFCDZHX2CG,9542.966414
BRAE75HSN6B5RA9V,7078.413926
TOPE8N3BAE7QWZFY,1100.530288
WSCEFE4RZ8FRPQTD,4263.069839
MUGEGWT5RGJJHSGN,5536.531415
MUGEBJ7XHH5AVZV7,3583.16181
PCSEC86VAFUTHBPX,8989.420146
CRTECN2QUTDWFYGA,2473.742354
NKCE9PFFYZYCKJFB,4959.135774
RNGE864HRQRATXWQ,4290.246604
WATE3GEY74QU9T35,1750.869863
WATE9MVXX3DZ5UKD,4294.675889
MUGEBFGFYWQRWYDN,2598.202994
TOPE9KJEYHXXNBGC,2293.971837
TOPECMKVPCH2ZZTY,4902.826053
SGLEGBV8VGCMH77F,4458.579489
WATDKB7JW7USDVZ6,2698.513384
TLPEHAKFGFC9QPM4,5456.34434
JUMEBKQJUZHCZHHM,2706.820795
JWSEEBEEHKG4ZGRG,8678.846591
CRTECN2QSUHUEZZD,3520.613734
RNGE7M92NZGZSZJQ,4396.442658
TOPE593EQJA4WW4Z,5461.762958
BRAEDGM2YE58PGPV,3544.948189
PBXEANB7QGWSP25F,1246.896012
BRAEE6YMKGHQ4C4K,3495.67579
TOPDYMSXBMBWVAS4,8169.726672
MATEHFNMZVV9HYUV,11340.610422
KRTEFG6MGMW4FQXF,869.613142
SNDEE34XM8XB6ZEX,915.377598
TOPE6HZUKGTFPUFP,6340.775164
TOPE954FF9KJSZZN,4302.92774
NKCECGVAZYG6SF5S,364.093032
PBXE4Q7YBMXJ53ZG,2313.989362
ACCEGXDJMWKWYHPP,4329.548644
PCSE6X3Y2HSTHBDW,7226.084084
SHIEBZB4U7BKYJTU,3528.341617
NKCEAFC847CUEYZX,1348.123453
CAGE9JEFFUQQNQHW,10902.722763
TSHE8Z4HYFUWCVYB,7024.245109
NKCDU4RZURUGSZZ6,3762.634335
SHIEFFFPMFH8SZZM,4125.8968
DIAEJ6Z8BEDTGGYY,4259.477836
RNGEDAK9ZZR8MGY4,6294.331795
SNDEHZQ7BSZZJRDT,4723.630036
NKCEAP3S6TDGRDVY,10567.292867
MUGE8DTSSBPHDZWA,2397.80225
SNDEARQ3EKZNNP4M,12914.044604
ACCEGKTTMBKZT7JR,2059.655001
NKCEAVZ3QEWNHQNR,6108.812594
SHTEJRCHC5KESPYX,3319.574878
BBAEJK8Z5UD97GTP,3070.971879
PCSEDUT3FS8UTKJQ,7258.598187
BRAE3Y4ZZZJHJVHV,8656.474019
PTYEDMT4FRUDXZCP,3348.240235
PCSEAH5WZNWYJE8M,8478.531025
BRAEEG6TFTNVFCRM,2748.628259
PACEFVZZ2R8ZE5ZH,3598.490828
TOPDU2HZGVTAAQJW,4576.766116
BRAEBBMQY4T7DFH6,2501.366313
TSHEHU5RXEVXH3P7,5523.965086
WATECSW5VZSZETGS,4246.231824
SGLEGBV7K2MGEGRB,7825.887653
WATDP5NHENJGYYXF,7039.163217
SUDEHYGUYBE5KGMW,4565.498294
RTRDQZ8Z72FRMKGX,216.232841
SHIEAVW5MYGJ4BRR,575.528253
ACCDXH5JXWABF7GH,4042.321973
TOPE8TQDQDHZZY9S,4930.286683
BRAE3TSHXZFRYAZQ,5333.103063
ACCDXFAGYWTHWYGT,978.645885
SWSEBGYUPTH7GSHE,6871.692595
DREE9QSVADZEKNJS,4885.726685
PBXE5CFUTETHWRZH,2138.137422
SHIED78RWUCDPFRH,5846.177164
NKCE69P8PC5VR7NY,3677.848585
WATEHYHNCANKP5VZ,6762.368342
NKCE7PZPRZFYKW3M,3616.884084
CHUEF7C3NGW54VJJ,4196.200379
NKCE9Q93CUEMGS46,5170.994228
RTRE2V3Y6FWVHDW5,3556.107981
BRAEE4UZZVMJUGE3,1529.616759
SHIE7G263EDTSDU5,4474.714472
BRAE3TSHRTGMZA44,7980.460905
TOPEHWDGQD9NR6QD,2018.855509
NKCEFMZUJEWN3HXY,2243.444754
CBKEHJUH7WPZEEGK,6264.840782
CRTECN2QXZUFSGHZ,4419.129522
SWSEBHCPAKWKRDPR,9294.001736
ACCEAMGZGAQWYYMV,3731.038665
CRTECN2QZGUQPR93,3969.228907
SHOEJBSZ8FS9SNJR,481.362908
BRAE6ZCHV2ZAA9US,3301.361712
SUDEGGB28WWTGFUY,6778.322757
ACCEAHRFFKPGUGGX,4864.880209
BRAEBBMQZDMZAEBV,1077.016702
NKCED6EXXSFZGQP8,303.840712
SHTECN9HFVZYP2V9,3538.758886
RTREAX3DGDRSSYFT,1389.175831
RNGE65FGK2TMUC2A,9711.198206
ACCEGZ8EWQ7RMZTZ,6604.994731
BRAE4DHZEAPXQVRG,1863.502598
CAGECHKFAMZCKPFT,164.747068
PCSE6SJG9SMAGGHY,3866.477293
SNDE25SG2HRJF9JH,1191.063539
NKCEAVZ3FCDEUZHG,5244.305601
ACCEG7AG8EUZRRZY,5953.571742
SHOECH3WZHFCVZWU,3898.613398
TOPEAKYKZKRHPMHX,3678.643682
NDNEJRAZNQBZQWQK,12587.778521
MUGEBFGFDQYJG5TW,5302.744943
BBAE9K7BXFUTDNBK,3975.330592
RTRDYPA4PJHCJCGF,9057.670729
TUNE8FWQBS7TVVT7,6590.247537
NKCEGMUABCRGUZPE,3509.440692
RNGE7M92KAQWUBCS,911.515612
